,Player,Country,Team,Type,Auction_Base_price,Auc_Base_price_pounds,Bat_Inns_21_22,NOs_21_22,Run_21_22,HS_21,HS_22,Bat_Avg_21_22,BF_21_22,BatSR_21_22,100s_21_22,50s_21_22,4s_21_22,6s_21_22,Bowl_Inns_21_22,Ov_21_22,BowlRunsConc_21_22,Wkts_21_22,Bowl_Avg_21_22,Econ_21_22,BowlSR_21_22,4w_21_22,5w_21_22,Dots_21_22,Catches_21_22,Run outs,Stumpings_21_22
0,Deepak Chahar,India,Chennai Super Kings,Bowler,140000000,1396080.0,4.0,2.0,1.0,1.0,0.0,0.5,1.0,100.0,0.0,0.0,0.0,0.0,15.0,54.0,451.0,14.0,32.214285714285715,8.351851851851851,23.142857142857142,2.0,0.0,132.0,5.0,0.0,0.0
1,Ambati Rayudu,India,Chennai Super Kings,Wicket-Keeper,67500000,673110.0,26.0,4.0,531.0,72.0,78.0,22.125,394.0,134.7715736040609,0.0,3.0,41.0,32.0,0.0,0.0,0.0,0.0,0.0,0.0,0.0,0.0,0.0,0.0,6.0,0.0,0.0
2,Dwayne Bravo,West Indies,Chennai Super Kings,All-Rounder,44000000,438768.0,6.0,6.0,70.0,23.0,12.0,7.777777777777778,42.0,166.66666666666666,0.0,0.0,4.0,5.0,21.0,67.2,562.0,30.0,18.733333333333334,8.363095238095237,13.440000000000001,0.0,0.0,143.0,5.0,0.0,0.0
3,Shivam Dube,India,Chennai Super Kings,All-Rounder,40000000,398880.0,18.0,2.0,519.0,64.0,95.0,25.95,378.0,137.3015873015873,0.0,3.0,40.0,26.0,0.0,0.0,0.0,0.0,0.0,0.0,0.0,0.0,0.0,8.0,8.0,0.0,0.0
4,Chris Jordan,England,Chennai Super Kings,All-Rounder,36000000,358992.0,4.0,1.0,43.0,30.0,6.0,10.75,29.0,148.27586206896552,0.0,0.0,1.0,3.0,8.0,24.5,231.0,6.0,38.5,9.428571428571429,24.5,0.0,0.0,23.0,4.0,1.5,0.0
5,Robin Uthappa,India,Chennai Super Kings,Batsman,20000000,199440.0,8.0,0.0,345.0,63.0,88.0,23.0,255.0,135.2941176470588,0.0,3.0,27.0,19.0,0.0,0.0,0.0,0.0,0.0,0.0,0.0,0.0,0.0,0.0,5.0,1.5,0.0
6,Mitchell Santner,New Zealand,Chennai Super Kings,All-Rounder,19000000,189468.0,0.0,2.0,22.0,0.0,11.0,5.5,27.0,81.48148148148148,0.0,0.0,3.0,0.0,6.0,19.0,130.0,4.0,32.5,6.842105263157895,28.5,0.0,0.0,43.0,2.0,1.5,0.0
7,Adam Milne,New Zealand,Chennai Super Kings,Bowler,19000000,189468.0,6.0,1.0,16.0,15.0,0.0,5.333333333333333,17.0,94.11764705882354,0.0,0.0,0.0,1.0,4.0,14.0,131.0,3.0,43.666666666666664,9.357142857142858,28.0,0.0,0.0,9.0,0.0,0.0,0.0
8,Rajvardhan Hangargekar,India,Chennai Super Kings,All-Rounder,15000000,149580.0,,,,,,,,,,,,,,,,,,,,,,,,,
9,Prashant Solanki,India,Chennai Super Kings,Bowler,12000000,119664.0,0.0,0.0,0.0,0.0,0.0,0.0,0.0,0.0,0.0,0.0,0.0,0.0,2.0,6.0,38.0,2.0,19.0,6.333333333333333,18.0,0.0,0.0,12.0,0.0,0.0,0.0
10,Devon Conway,New Zealand,Chennai Super Kings,Batsman,10000000,99720.0,0.0,1.0,252.0,0.0,87.0,36.0,173.0,145.66473988439307,0.0,3.0,22.0,12.0,0.0,0.0,0.0,0.0,0.0,0.0,0.0,0.0,0.0,0.0,2.0,1.5,0.0
11,Maheesh Theekshana,Sri Lanka,Chennai Super Kings,Bowler,7000000,69804.0,0.0,1.0,7.0,0.0,7.0,3.5,7.0,100.0,0.0,0.0,0.0,1.0,9.0,35.0,261.0,12.0,21.75,7.457142857142857,17.5,1.0,0.0,68.0,0.0,0.0,0.0
12,Dwaine Pretorius,South Africa,Chennai Super Kings,All-Rounder,5000000,49860.0,0.0,1.0,44.0,0.0,22.0,8.8,28.0,157.14285714285714,0.0,0.0,3.0,3.0,6.0,21.0,210.0,6.0,35.0,10.0,21.0,0.0,0.0,37.0,2.0,1.5,0.0
13,C.Hari Nishaanth,India,Chennai Super Kings,Batsman,2000000,19944.0,,,,,,,,,,,,,,,,,,,,,,,,,
14,Tushar Deshpande,India,Chennai Super Kings,Bowler,2000000,19944.0,0.0,0.0,0.0,0.0,0.0,0.0,0.0,0.0,0.0,0.0,0.0,0.0,2.0,7.0,63.0,1.0,63.0,9.0,42.0,0.0,0.0,18.0,1.0,0.0,0.0
15,Simarjeet Singh,India,Chennai Super Kings,Bowler,2000000,19944.0,0.0,2.0,7.0,0.0,3.0,2.3333333333333335,8.0,87.5,0.0,0.0,0.0,0.0,6.0,18.0,138.0,4.0,34.5,7.666666666666667,27.0,0.0,0.0,57.0,1.0,0.0,0.0
16,Subhranshu Senapati,India,Chennai Super Kings,Batsman,2000000,19944.0,,,,,,,,,,,,,,,,,,,,,,,,,
17,Mukesh Choudhary,India,Chennai Super Kings,Bowler,2000000,19944.0,0.0,1.0,6.0,0.0,4.0,3.0,6.0,100.0,0.0,0.0,1.0,0.0,13.0,45.3,424.0,16.0,26.5,9.359823399558499,16.987499999999997,1.0,0.0,119.0,3.0,0.0,0.0
18,K.Bhagath Varma,India,Chennai Super Kings,All-Rounder,2000000,19944.0,,,,,,,,,,,,,,,,,,,,,,,,,
19,Shardul Thakur,India,Delhi Capitals,Bowler,107500000,1071990.0,8.0,4.0,125.0,3.0,29.0,8.928571428571429,92.0,135.8695652173913,0.0,0.0,7.0,7.0,30.0,108.2,1000.0,36.0,27.77777777777778,9.242144177449168,18.033333333333335,1.0,0.0,246.0,9.0,0.0,0.0
20,Mitchell Marsh,Australia,Delhi Capitals,All-Rounder,65000000,648180.0,0.0,0.0,251.0,0.0,89.0,31.375,189.0,132.8042328042328,0.0,2.0,19.0,14.0,4.0,12.0,102.0,4.0,25.5,8.5,18.0,0.0,0.0,25.0,0.0,0.0,0.0
21,David Warner,Australia,Delhi Capitals,Batsman,62500000,623250.0,16.0,3.0,627.0,57.0,92.0,31.35,468.0,133.97435897435898,0.0,7.0,67.0,21.0,0.0,0.0,0.0,0.0,0.0,0.0,0.0,0.0,0.0,0.0,8.0,0.0,0.0
22,Syed Khaleel Ahmed,India,Delhi Capitals,Bowler,52500000,523530.0,,,,,,,,,,,,,,,,,,,,,,,,,
23,Chetan Sakariya,India,Delhi Capitals,Bowler,42000000,418824.0,12.0,1.0,16.0,7.0,0.0,2.6666666666666665,25.0,64.0,0.0,0.0,2.0,0.0,17.0,63.0,510.0,17.0,30.0,8.095238095238095,22.235294117647058,0.0,0.0,134.0,6.0,0.0,0.0
24,Rovman Powell,West Indies,Delhi Capitals,Batsman,28000000,279216.0,0.0,2.0,250.0,0.0,67.0,20.833333333333332,167.0,149.7005988023952,0.0,1.0,10.0,22.0,0.0,0.0,0.0,0.0,0.0,0.0,0.0,0.0,0.0,0.0,10.0,0.0,0.0
25,Mustafizur Rahman,Bangladesh,Delhi Capitals,Bowler,20000000,199440.0,10.0,6.0,11.0,8.0,3.0,1.8333333333333333,19.0,57.89473684210526,0.0,0.0,0.0,1.0,22.0,84.0,680.0,22.0,30.90909090909091,8.095238095238095,22.90909090909091,0.0,0.0,189.0,2.0,0.0,0.0
26,Kuldeep Yadav,India,Delhi Capitals,Bowler,20000000,199440.0,0.0,6.0,48.0,0.0,16.0,6.857142857142857,52.0,92.3076923076923,0.0,0.0,3.0,2.0,14.0,49.4,419.0,21.0,19.952380952380953,8.481781376518219,14.114285714285714,2.0,0.0,97.0,5.0,0.0,0.0
27,Kamlesh Nagarkoti,India,Delhi Capitals,All-Rounder,11000000,109692.0,2.0,0.0,0.0,0.0,0.0,0.0,2.0,0.0,0.0,0.0,0.0,0.0,0.0,0.0,0.0,0.0,0.0,0.0,0.0,0.0,0.0,4.0,0.0,0.0,0.0
28,Lalit Yadav,India,Delhi Capitals,All-Rounder,6500000,64818.0,10.0,4.0,229.0,22.0,48.0,17.615384615384617,219.0,104.5662100456621,0.0,0.0,18.0,7.0,13.0,32.0,251.0,8.0,31.375,7.84375,24.0,0.0,0.0,59.0,11.0,3.0,0.0
29,Lungisani Ngidi,South Africa,Delhi Capitals,Bowler,5000000,49860.0,,,,,,,,,,,,,,,,,,,,,,,,,
30,Yash Dhull,India,Delhi Capitals,All-Rounder,5000000,49860.0,,,,,,,,,,,,,,,,,,,,,,,,,
31,Tim Seifert,New Zealand,Delhi Capitals,Wicket-Keeper,5000000,49860.0,2.0,0.0,26.0,2.0,21.0,8.666666666666666,23.0,113.04347826086956,0.0,0.0,4.0,0.0,0.0,0.0,0.0,0.0,0.0,0.0,0.0,0.0,0.0,0.0,1.0,0.0,0.0
32,Pravin Dubey,India,Delhi Capitals,All-Rounder,5000000,49860.0,,,,,,,,,,,,,,,,,,,,,,,,,
33,Ashwin Hebbar,India,Delhi Capitals,Batsman,2000000,19944.0,,,,,,,,,,,,,,,,,,,,,,,,,
34,Sarfaraz Khan,India,Delhi Capitals,All-Rounder,2000000,19944.0,4.0,2.0,91.0,0.0,36.0,13.0,71.0,128.16901408450704,0.0,0.0,9.0,2.0,0.0,0.0,0.0,0.0,0.0,0.0,0.0,0.0,0.0,0.0,2.0,0.0,0.0
35,Vicky Ostwal,India,Delhi Capitals,All-Rounder,2000000,19944.0,,,,,,,,,,,,,,,,,,,,,,,,,
36,Ripal Patel,India,Delhi Capitals,All-Rounder,2000000,19944.0,4.0,1.0,31.0,18.0,6.0,10.333333333333334,30.0,103.33333333333333,0.0,0.0,3.0,1.0,0.0,0.0,0.0,0.0,0.0,0.0,0.0,0.0,0.0,0.0,1.0,0.0,0.0
37,Lockie Ferguson,New Zealand,Gujarat Titans,Bowler,100000000,997200.0,6.0,4.0,23.0,18.0,5.0,3.8333333333333335,15.0,153.33333333333334,0.0,0.0,2.0,1.0,21.0,77.4,651.0,25.0,26.04,8.410852713178294,18.576,1.0,0.0,192.0,5.0,1.5,0.0
38,Rahul Tewatia,India,Gujarat Titans,All-Rounder,90000000,897480.0,22.0,6.0,372.0,44.0,43.0,16.17391304347826,294.0,126.53061224489795,0.0,0.0,33.0,15.0,13.0,37.0,340.0,8.0,42.5,9.18918918918919,27.75,0.0,0.0,56.0,7.0,1.5,0.0
39,Mohammad Shami,India,Gujarat Titans,Bowler,62500000,623250.0,8.0,3.0,13.0,9.0,0.0,3.25,17.0,76.47058823529412,0.0,0.0,0.0,0.0,30.0,113.0,883.0,39.0,22.641025641025642,7.814159292035399,17.384615384615383,0.0,0.0,0.0,0.0,0.0,0.0
40,Yash Dayal,India,Gujarat Titans,Bowler,32000000,319104.0,0.0,0.0,0.0,0.0,0.0,0.0,0.0,0.0,0.0,0.0,0.0,0.0,9.0,32.0,296.0,11.0,26.90909090909091,9.25,17.454545454545453,0.0,0.0,76.0,1.0,1.5,0.0
41,David Miller,South Africa,Gujarat Titans,Batsman,30000000,299160.0,16.0,12.0,605.0,62.0,94.0,25.208333333333332,450.0,134.44444444444446,0.0,3.0,43.0,26.0,0.0,0.0,0.0,0.0,0.0,0.0,0.0,0.0,0.0,0.0,6.0,3.0,0.0
42,R. Sai Kishore,India,Gujarat Titans,Bowler,30000000,299160.0,,,,,,,,,,,,,,,,,,,,,,,,,
43,Abhinav Sadarangani,India,Gujarat Titans,Batsman,26000000,259272.0,,,,,,,,,,,,,,,,,,,,,,,,,
44,Matthew Wade,Australia,Gujarat Titans,Wicket-Keeper,24000000,239328.0,0.0,0.0,157.0,0.0,35.0,15.7,138.0,113.76811594202898,0.0,0.0,23.0,2.0,0.0,0.0,0.0,0.0,0.0,0.0,0.0,0.0,0.0,0.0,7.0,1.5,1.0
45,Alzarri Joseph,West Indies,Gujarat Titans,Bowler,24000000,239328.0,0.0,2.0,5.0,0.0,4.0,1.6666666666666667,7.0,71.42857142857143,0.0,0.0,0.0,0.0,9.0,30.0,264.0,7.0,37.714285714285715,8.8,25.714285714285715,0.0,0.0,72.0,1.0,4.5,0.0
46,Jason Roy,England,Gujarat Titans,Batsman,20000000,199440.0,10.0,0.0,150.0,60.0,0.0,30.0,121.0,123.96694214876032,0.0,1.0,21.0,1.0,0.0,0.0,0.0,0.0,0.0,0.0,0.0,0.0,0.0,0.0,3.0,0.0,0.0
47,Wriddhiman Saha,India,Gujarat Titans,Wicket-Keeper,19000000,189468.0,18.0,1.0,448.0,44.0,68.0,22.4,399.0,112.28070175438596,0.0,3.0,47.0,12.0,0.0,0.0,0.0,0.0,0.0,0.0,0.0,0.0,0.0,0.0,11.0,4.5,2.0
48,Jayant Yadav,India,Gujarat Titans,All-Rounder,17000000,169524.0,6.0,1.0,34.0,23.0,0.0,11.333333333333334,26.0,130.76923076923077,0.0,0.0,2.0,1.0,5.0,17.0,130.0,2.0,65.0,7.647058823529412,51.0,0.0,0.0,44.0,2.0,0.0,0.0
49,Vijay Shankar,India,Gujarat Titans,All-Rounder,14000000,139608.0,10.0,0.0,77.0,28.0,13.0,8.555555555555555,87.0,88.50574712643679,0.0,0.0,2.0,3.0,5.0,11.0,100.0,3.0,33.333333333333336,9.090909090909092,22.0,0.0,0.0,4.0,3.0,1.5,0.0
50,Dominic Drakes,West Indies,Gujarat Titans,All-Rounder,11000000,109692.0,,,,,,,,,,,,,,,,,,,,,,,,,
51,Gurkeerat Singh,India,Gujarat Titans,All-Rounder,5000000,49860.0,,,,,,,,,,,,,,,,,,,,,,,,,
52,Varun Aaron,India,Gujarat Titans,Bowler,5000000,49860.0,0.0,0.0,0.0,0.0,0.0,0.0,0.0,0.0,0.0,0.0,0.0,0.0,2.0,5.0,52.0,2.0,26.0,10.4,15.0,0.0,0.0,7.0,0.0,0.0,0.0
53,Noor Ahmad,Afghanistan,Gujarat Titans,Bowler,3000000,29916.0,,,,,,,,,,,,,,,,,,,,,,,,,
54,Darshan Nalkande,India,Gujarat Titans,All-Rounder,2000000,19944.0,0.0,0.0,0.0,0.0,0.0,0.0,0.0,0.0,0.0,0.0,0.0,0.0,2.0,5.1,59.0,2.0,29.5,11.568627450980394,15.299999999999999,0.0,0.0,8.0,0.0,0.0,0.0
55,B. Sai Sudharsan,India,Gujarat Titans,All-Rounder,2000000,19944.0,,,,,,,,,,,,,,,,,,,,,,,,,
56,Pradeep Sangwan,India,Gujarat Titans,All-Rounder,2000000,19944.0,0.0,0.0,2.0,0.0,2.0,2.0,5.0,40.0,0.0,0.0,0.0,0.0,3.0,9.0,65.0,3.0,21.666666666666668,7.222222222222222,18.0,0.0,0.0,22.0,1.0,0.0,0.0
57,Shreyas Iyer,India,Kolkata Knight Riders,Batsman,122500000,1221570.0,16.0,4.0,576.0,47.0,85.0,26.181818181818183,469.0,122.81449893390192,0.0,3.0,48.0,16.0,0.0,0.0,0.0,0.0,0.0,0.0,0.0,0.0,0.0,4.0,5.0,7.5,0.0
58,Nitish Rana,India,Kolkata Knight Riders,All-Rounder,80000000,797760.0,32.0,4.0,744.0,80.0,57.0,24.8,565.0,131.68141592920355,0.0,4.0,63.0,39.0,0.0,0.0,0.0,0.0,0.0,0.0,0.0,0.0,0.0,6.0,10.0,1.5,0.0
59,Pat Cummins,Australia,Kolkata Knight Riders,All-Rounder,72500000,722970.0,10.0,3.0,156.0,66.0,56.0,15.6,80.0,195.0,0.0,2.0,10.0,14.0,12.0,46.5,449.0,16.0,28.0625,9.655913978494624,17.4375,0.0,0.0,97.0,3.0,0.0,0.0
60,Sam Billings,England,Kolkata Knight Riders,Wicket-Keeper,20000000,199440.0,0.0,1.0,169.0,0.0,36.0,21.125,138.0,122.46376811594203,0.0,0.0,9.0,10.0,0.0,0.0,0.0,0.0,0.0,0.0,0.0,0.0,0.0,0.0,6.0,0.0,1.0
61,Umesh Yadav,India,Kolkata Knight Riders,Bowler,20000000,199440.0,0.0,3.0,55.0,0.0,21.0,7.857142857142857,40.0,137.5,0.0,0.0,4.0,4.0,12.0,48.0,339.0,16.0,21.1875,7.0625,18.0,1.0,0.0,143.0,5.0,0.0,0.0
62,Alex Hales,England,Kolkata Knight Riders,Batsman,15000000,149580.0,,,,,,,,,,,,,,,,,,,,,,,,,
63,Tim Southee,New Zealand,Kolkata Knight Riders,Bowler,15000000,149580.0,2.0,1.0,5.0,3.0,1.0,0.8333333333333334,17.0,29.41176470588235,0.0,0.0,0.0,0.0,12.0,47.0,370.0,17.0,21.764705882352942,7.872340425531915,16.58823529411765,0.0,0.0,93.0,4.0,0.0,0.0
64,Mohammad Nabi,Afghanistan,Kolkata Knight Riders,All-Rounder,10000000,99720.0,6.0,0.0,34.0,17.0,0.0,11.333333333333334,20.0,170.0,0.0,0.0,3.0,2.0,3.0,8.0,86.0,2.0,43.0,10.75,24.0,0.0,0.0,0.0,0.0,0.0,0.0
65,Sheldon Jackson,India,Kolkata Knight Riders,Wicket-Keeper,6000000,59832.0,0.0,1.0,23.0,0.0,8.0,4.6,26.0,88.46153846153847,0.0,0.0,0.0,1.0,0.0,0.0,0.0,0.0,0.0,0.0,0.0,0.0,0.0,0.0,5.0,1.5,2.0
66,Rinku Singh,India,Kolkata Knight Riders,Batsman,5500000,54846.0,0.0,2.0,174.0,0.0,42.0,24.857142857142858,117.0,148.71794871794873,0.0,0.0,17.0,7.0,0.0,0.0,0.0,0.0,0.0,0.0,0.0,0.0,0.0,0.0,8.0,3.0,0.0
67,Ashok Sharma,India,Kolkata Knight Riders,Bowler,5500000,54846.0,,,,,,,,,,,,,,,,,,,,,,,,,
68,Chamika Karunaratne,Sri Lanka,Kolkata Knight Riders,All-Rounder,5000000,49860.0,,,,,,,,,,,,,,,,,,,,,,,,,
69,Abhijeet Tomar,India,Kolkata Knight Riders,Batsman,4000000,39888.0,0.0,0.0,4.0,0.0,4.0,4.0,8.0,50.0,0.0,0.0,1.0,0.0,0.0,0.0,0.0,0.0,0.0,0.0,0.0,0.0,0.0,0.0,0.0,0.0,0.0
70,Anukul Roy,India,Kolkata Knight Riders,All-Rounder,2000000,19944.0,0.0,0.0,0.0,0.0,0.0,0.0,0.0,0.0,0.0,0.0,0.0,0.0,2.0,7.0,55.0,1.0,55.0,7.857142857142857,42.0,0.0,0.0,11.0,1.0,0.0,0.0
71,Rasikh Dar,India,Kolkata Knight Riders,Bowler,2000000,19944.0,0.0,0.0,0.0,0.0,0.0,0.0,0.0,0.0,0.0,0.0,0.0,0.0,0.0,0.0,0.0,0.0,0.0,0.0,0.0,0.0,0.0,8.0,0.0,0.0,0.0
72,Baba Indrajith,India,Kolkata Knight Riders,Wicket-Keeper,2000000,19944.0,0.0,0.0,0.0,0.0,0.0,0.0,0.0,0.0,0.0,0.0,0.0,0.0,0.0,0.0,0.0,0.0,0.0,0.0,0.0,0.0,0.0,0.0,1.0,3.0,0.0
73,Aman Khan,India,Kolkata Knight Riders,All-Rounder,2000000,19944.0,0.0,0.0,5.0,0.0,5.0,5.0,3.0,166.66666666666666,0.0,0.0,1.0,0.0,0.0,0.0,0.0,0.0,0.0,0.0,0.0,0.0,0.0,1.0,0.0,0.0,0.0
74,Ramesh Kumar,India,Kolkata Knight Riders,Batsman,2000000,19944.0,,,,,,,,,,,,,,,,,,,,,,,,,
75,Pratham Singh,India,Kolkata Knight Riders,Batsman,2000000,19944.0,,,,,,,,,,,,,,,,,,,,,,,,,
76,Avesh Khan,India,Lucknow Super Giants,Bowler,100000000,997200.0,2.0,4.0,27.0,5.0,12.0,5.4,16.0,168.75,0.0,0.0,1.0,3.0,29.0,108.4,866.0,42.0,20.61904761904762,7.988929889298893,15.485714285714288,1.0,0.0,282.0,3.0,0.0,0.0
77,Krunal Pandya,India,Lucknow Super Giants,All-Rounder,82500000,822690.0,24.0,6.0,326.0,39.0,42.0,13.04,268.0,121.64179104477611,0.0,0.0,26.0,10.0,24.0,71.0,530.0,15.0,35.333333333333336,7.464788732394366,28.4,0.0,0.0,140.0,13.0,1.5,0.0
78,Mark Wood,England,Lucknow Super Giants,Bowler,75000000,747900.0,,,,,,,,,,,,,,,,,,,,,,,,,
79,Quinton De Kock,South Africa,Lucknow Super Giants,Wicket-Keeper,67500000,673110.0,0.0,1.0,508.0,0.0,140.0,33.86666666666667,341.0,148.97360703812316,1.0,3.0,47.0,23.0,0.0,0.0,0.0,0.0,0.0,0.0,0.0,0.0,0.0,0.0,0.0,0.0,0.0
80,Deepak Hooda,India,Lucknow Super Giants,All-Rounder,57500000,573390.0,22.0,1.0,611.0,64.0,59.0,24.44,453.0,134.878587196468,0.0,5.0,45.0,27.0,9.0,20.0,179.0,3.0,59.666666666666664,8.95,40.0,0.0,0.0,36.0,15.0,0.0,0.0
81,Dushmanta Chameera,Sri Lanka,Lucknow Super Giants,Bowler,20000000,199440.0,,,,,,,,,,,,,,,,,,,,,,,,,
82,Evin Lewis,West Indies,Lucknow Super Giants,Batsman,20000000,199440.0,10.0,2.0,224.0,58.0,55.0,22.4,149.0,150.33557046979865,0.0,2.0,26.0,10.0,0.0,0.0,0.0,0.0,0.0,0.0,0.0,0.0,0.0,0.0,3.0,0.0,0.0
83,K. Gowtham,India,Lucknow Super Giants,All-Rounder,9000000,89748.0,,,,,,,,,,,,,,,,,,,,,,,,,
84,Ankit Singh Rajpoot,India,Lucknow Super Giants,Bowler,5000000,49860.0,,,,,,,,,,,,,,,,,,,,,,,,,
85,Shahbaz Nadeem,India,Lucknow Super Giants,Bowler,5000000,49860.0,2.0,0.0,0.0,0.0,0.0,0.0,1.0,0.0,0.0,0.0,0.0,0.0,1.0,4.0,36.0,1.0,36.0,9.0,24.0,0.0,0.0,0.0,0.0,0.0,0.0
86,Kyle Mayers,West Indies,Lucknow Super Giants,All-Rounder,5000000,49860.0,,,,,,,,,,,,,,,,,,,,,,,,,
87,Manan Vohra,India,Lucknow Super Giants,Batsman,2000000,19944.0,8.0,0.0,61.0,14.0,19.0,12.2,50.0,122.0,0.0,0.0,6.0,4.0,0.0,0.0,0.0,0.0,0.0,0.0,0.0,0.0,0.0,0.0,0.0,0.0,0.0
88,Mohsin Khan,India,Lucknow Super Giants,Bowler,2000000,19944.0,0.0,2.0,23.0,0.0,13.0,7.666666666666667,16.0,143.75,0.0,0.0,2.0,1.0,9.0,33.0,197.0,14.0,14.071428571428571,5.96969696969697,14.142857142857142,1.0,0.0,107.0,1.0,0.0,0.0
89,Mayank Yadav,India,Lucknow Super Giants,Bowler,2000000,19944.0,,,,,,,,,,,,,,,,,,,,,,,,,
90,Ayush Badoni,India,Lucknow Super Giants,All-Rounder,2000000,19944.0,0.0,3.0,161.0,0.0,54.0,14.636363636363637,130.0,123.84615384615384,0.0,1.0,11.0,7.0,2.0,2.0,11.0,2.0,5.5,5.5,6.0,0.0,0.0,4.0,9.0,1.5,0.0
91,Karan Sharma,India,Lucknow Super Giants,All-Rounder,2000000,19944.0,0.0,0.0,4.0,0.0,4.0,4.0,4.0,100.0,0.0,0.0,1.0,0.0,0.0,0.0,0.0,0.0,0.0,0.0,0.0,0.0,0.0,0.0,0.0,0.0,0.0
92,Ishan Kishan,India,Mumbai Indians,Wicket-Keeper,152500000,1520730.0,20.0,2.0,659.0,84.0,81.0,27.458333333333332,528.0,124.81060606060606,0.0,5.0,66.0,21.0,0.0,0.0,0.0,0.0,0.0,0.0,0.0,0.0,0.0,0.0,16.0,9.0,0.0
93,Tim David,Singapore,Mumbai Indians,All-Rounder,82500000,822690.0,2.0,3.0,187.0,1.0,46.0,20.77777777777778,89.0,210.1123595505618,0.0,0.0,12.0,16.0,0.0,0.0,0.0,0.0,0.0,0.0,0.0,0.0,0.0,0.0,6.0,0.0,0.0
94,Jofra Archer,England,Mumbai Indians,All-Rounder,80000000,797760.0,,,,,,,,,,,,,,,,,,,,,,,,,
95,Dewald Brevis,South Africa,Mumbai Indians,Batsman,30000000,299160.0,0.0,0.0,161.0,0.0,49.0,23.0,113.0,142.47787610619469,0.0,0.0,14.0,11.0,1.0,0.3,8.0,1.0,8.0,26.666666666666668,1.7999999999999998,0.0,0.0,1.0,3.0,0.0,0.0
96,N. Tilak Varma,India,Mumbai Indians,All-Rounder,17000000,169524.0,,,,,,,,,,,,,,,,,,,,,,,,,
97,Tymal Mills,England,Mumbai Indians,Bowler,15000000,149580.0,0.0,0.0,0.0,0.0,0.0,0.0,0.0,0.0,0.0,0.0,0.0,0.0,5.0,17.0,190.0,6.0,31.666666666666668,11.176470588235293,17.0,0.0,0.0,30.0,0.0,0.0,0.0
98,Riley Meredith,Australia,Mumbai Indians,Bowler,10000000,99720.0,0.0,0.0,0.0,0.0,0.0,0.0,0.0,0.0,0.0,0.0,0.0,0.0,13.0,45.0,405.0,12.0,33.75,9.0,22.5,0.0,0.0,76.0,1.0,0.0,0.0
99,Fabian Allen,West Indies,Mumbai Indians,All-Rounder,7500000,74790.0,6.0,2.0,14.0,6.0,8.0,3.5,19.0,73.6842105263158,0.0,0.0,1.0,0.0,4.0,15.0,136.0,2.0,68.0,9.066666666666666,45.0,0.0,0.0,6.0,0.0,0.0,0.0
100,Sanjay Yadav,India,Mumbai Indians,All-Rounder,5000000,49860.0,,,,,,,,,,,,,,,,,,,,,,,,,
101,Basil Thampi,India,Mumbai Indians,Bowler,3000000,29916.0,0.0,0.0,0.0,0.0,0.0,0.0,0.0,0.0,0.0,0.0,0.0,0.0,5.0,16.0,152.0,5.0,30.4,9.5,19.2,0.0,0.0,41.0,1.0,0.0,0.0
102,Arjun Tendulkar,India,Mumbai Indians,All-Rounder,3000000,29916.0,,,,,,,,,,,,,,,,,,,,,,,,,
103,Ramandeep Singh,India,Mumbai Indians,All-Rounder,2000000,19944.0,0.0,2.0,45.0,0.0,14.0,11.25,40.0,112.5,0.0,0.0,3.0,1.0,3.0,6.0,54.0,6.0,9.0,9.0,6.0,0.0,0.0,13.0,1.0,3.0,0.0
104,Aryan Juyal,India,Mumbai Indians,Wicket-Keeper,2000000,19944.0,,,,,,,,,,,,,,,,,,,,,,,,,
105,Rahul Buddhi,India,Mumbai Indians,Batsman,2000000,19944.0,,,,,,,,,,,,,,,,,,,,,,,,,
106,Hrithik Shokeen,India,Mumbai Indians,All-Rounder,2000000,19944.0,0.0,1.0,43.0,0.0,25.0,14.333333333333334,48.0,89.58333333333333,0.0,0.0,5.0,0.0,5.0,15.0,127.0,2.0,63.5,8.466666666666667,45.0,0.0,0.0,43.0,2.0,0.0,0.0
107,Mohd. Arshad Khan,India,Mumbai Indians,All-Rounder,2000000,19944.0,,,,,,,,,,,,,,,,,,,,,,,,,
108,Liam Livingstone,England,Punjab Kings,All-Rounder,115000000,1146780.0,10.0,2.0,479.0,25.0,70.0,25.210526315789473,281.0,170.4626334519573,0.0,4.0,32.0,35.0,12.0,23.0,202.0,6.0,33.666666666666664,8.782608695652174,23.0,0.0,0.0,38.0,6.0,0.0,0.0
109,Kagiso Rabada,South Africa,Punjab Kings,Bowler,92500000,922410.0,6.0,5.0,61.0,9.0,25.0,5.545454545454546,49.0,124.48979591836735,0.0,0.0,7.0,2.0,28.0,104.0,862.0,38.0,22.68421052631579,8.288461538461538,16.42105263157895,2.0,0.0,268.0,11.0,0.0,0.0
110,Shahrukh Khan,India,Punjab Kings,All-Rounder,90000000,897480.0,20.0,4.0,270.0,47.0,26.0,15.0,222.0,121.62162162162163,0.0,0.0,13.0,19.0,0.0,0.0,0.0,0.0,0.0,0.0,0.0,0.0,0.0,0.0,7.0,0.0,0.0
111,Shikhar Dhawan,India,Punjab Kings,Batsman,82500000,822690.0,32.0,3.0,1047.0,92.0,88.0,34.9,846.0,123.75886524822695,0.0,6.0,110.0,28.0,0.0,0.0,0.0,0.0,0.0,0.0,0.0,0.0,0.0,0.0,19.0,0.0,0.0
112,Jonny Bairstow,England,Punjab Kings,Wicket-Keeper,67500000,673110.0,14.0,1.0,501.0,63.0,66.0,27.833333333333332,350.0,143.14285714285714,0.0,4.0,54.0,24.0,0.0,0.0,0.0,0.0,0.0,0.0,0.0,0.0,0.0,0.0,4.0,6.0,1.0
113,Rahul Chahar,India,Punjab Kings,Bowler,52500000,523530.0,10.0,2.0,91.0,8.0,25.0,7.0,83.0,109.63855421686748,0.0,0.0,8.0,4.0,24.0,89.4,678.0,27.0,25.11111111111111,7.583892617449664,19.86666666666667,1.0,0.0,192.0,8.0,0.0,0.0
114,Harpreet Brar,India,Punjab Kings,All-Rounder,38000000,378936.0,10.0,5.0,86.0,25.0,14.0,10.75,83.0,103.6144578313253,0.0,0.0,4.0,4.0,12.0,39.0,285.0,9.0,31.666666666666668,7.3076923076923075,26.0,0.0,0.0,94.0,5.0,0.0,0.0
115,Raj Angad Bawa,India,Punjab Kings,All-Rounder,20000000,199440.0,,,,,,,,,,,,,,,,,,,,,,,,,
116,Nathan Ellis,Australia,Punjab Kings,Bowler,7500000,74790.0,4.0,1.0,18.0,12.0,0.0,9.0,16.0,112.5,0.0,0.0,0.0,1.0,5.0,18.0,153.0,4.0,38.25,8.5,27.0,0.0,0.0,16.0,1.0,0.0,0.0
117,Prabhsimran Singh,India,Punjab Kings,Wicket-Keeper,6000000,59832.0,4.0,0.0,19.0,12.0,0.0,9.5,23.0,82.6086956521739,0.0,0.0,1.0,1.0,0.0,0.0,0.0,0.0,0.0,0.0,0.0,0.0,0.0,0.0,0.0,0.0,0.0
118,Rishi Dhawan,India,Punjab Kings,All-Rounder,5500000,54846.0,0.0,2.0,37.0,0.0,21.0,9.25,40.0,92.5,0.0,0.0,4.0,2.0,6.0,19.0,156.0,6.0,26.0,8.210526315789474,19.0,0.0,0.0,33.0,2.0,3.0,0.0
119,Sandeep Sharma,India,Punjab Kings,Bowler,5000000,49860.0,4.0,1.0,8.0,8.0,0.0,4.0,7.0,114.28571428571429,0.0,0.0,1.0,0.0,12.0,43.0,356.0,5.0,71.2,8.279069767441861,51.6,0.0,0.0,112.0,3.0,0.0,0.0
120,Bhanuka Rajapaksa,Sri Lanka,Punjab Kings,Batsman,5000000,49860.0,0.0,0.0,206.0,0.0,43.0,22.88888888888889,129.0,159.68992248062017,0.0,0.0,16.0,13.0,0.0,0.0,0.0,0.0,0.0,0.0,0.0,0.0,0.0,0.0,4.0,0.0,0.0
121,Benny Howell,England,Punjab Kings,All-Rounder,4000000,39888.0,,,,,,,,,,,,,,,,,,,,,,,,,
122,Ishan Porel,India,Punjab Kings,Bowler,2500000,24930.0,0.0,0.0,0.0,0.0,0.0,0.0,0.0,0.0,0.0,0.0,0.0,0.0,1.0,4.0,39.0,1.0,39.0,9.75,24.0,0.0,0.0,0.0,0.0,0.0,0.0
123,Jitesh Sharma,India,Punjab Kings,Wicket-Keeper,2000000,19944.0,0.0,2.0,234.0,0.0,44.0,23.4,143.0,163.63636363636363,0.0,0.0,22.0,12.0,0.0,0.0,0.0,0.0,0.0,0.0,0.0,0.0,0.0,0.0,9.0,4.5,2.0
124,Atharva Taide,India,Punjab Kings,All-Rounder,2000000,19944.0,,,,,,,,,,,,,,,,,,,,,,,,,
125,Writtick Chatterjee,India,Punjab Kings,All-Rounder,2000000,19944.0,,,,,,,,,,,,,,,,,,,,,,,,,
126,Baltej Dhanda,India,Punjab Kings,Bowler,2000000,19944.0,,,,,,,,,,,,,,,,,,,,,,,,,
127,Ansh Patel,India,Punjab Kings,All-Rounder,2000000,19944.0,,,,,,,,,,,,,,,,,,,,,,,,,
128,Prasidh Krishna,India,Rajasthan Royals,Bowler,100000000,997200.0,4.0,3.0,6.0,0.0,4.0,1.2,13.0,46.15384615384615,0.0,0.0,0.0,0.0,27.0,104.3,902.0,31.0,29.096774193548388,8.648130393096837,20.187096774193545,0.0,0.0,302.0,5.0,1.5,0.0
129,Shimron Hetmyer,West Indies,Rajasthan Royals,Batsman,85000000,847620.0,26.0,14.0,556.0,53.0,59.0,19.857142857142858,348.0,159.77011494252875,0.0,2.0,40.0,33.0,0.0,0.0,0.0,0.0,0.0,0.0,0.0,0.0,0.0,0.0,7.0,4.5,0.0
130,Trent Boult,New Zealand,Rajasthan Royals,Bowler,80000000,797760.0,8.0,10.0,41.0,1.0,17.0,3.4166666666666665,33.0,124.24242424242425,0.0,0.0,2.0,1.0,30.0,113.0,898.0,29.0,30.96551724137931,7.946902654867257,23.379310344827587,0.0,0.0,314.0,7.0,0.0,0.0
131,Devdutt Padikkal,India,Rajasthan Royals,Batsman,77500000,772830.0,28.0,1.0,787.0,101.0,54.0,25.387096774193548,634.0,124.13249211356467,1.0,2.0,84.0,28.0,0.0,0.0,0.0,0.0,0.0,0.0,0.0,0.0,0.0,0.0,12.0,1.5,0.0
132,Yuzvendra Chahal,India,Rajasthan Royals,Bowler,65000000,648180.0,4.0,3.0,15.0,8.0,5.0,3.75,35.0,42.857142857142854,0.0,0.0,0.0,0.0,32.0,121.0,901.0,45.0,20.022222222222222,7.446280991735537,16.133333333333333,1.0,1.0,264.0,4.0,3.0,0.0
133,R. Ashwin,India,Rajasthan Royals,All-Rounder,50000000,498600.0,,,,,,,,,,,,,,,,,,,,,,,,,
134,Riyan Parag,India,Rajasthan Royals,All-Rounder,38000000,378936.0,20.0,5.0,276.0,25.0,56.0,11.5,215.0,128.37209302325581,0.0,1.0,17.0,14.0,10.0,10.0,132.0,2.0,66.0,13.2,30.0,0.0,0.0,3.0,17.0,1.5,0.0
135,Navdeep Saini,India,Rajasthan Royals,Bowler,26000000,259272.0,2.0,0.0,4.0,2.0,2.0,2.0,6.0,66.66666666666667,0.0,0.0,0.0,0.0,2.0,6.0,72.0,3.0,24.0,12.0,12.0,0.0,0.0,10.0,2.0,0.0,0.0
136,Nathan Coulter-Nile,Australia,Rajasthan Royals,Bowler,20000000,199440.0,4.0,1.0,5.0,3.0,1.0,1.6666666666666667,7.0,71.42857142857143,0.0,0.0,0.0,0.0,5.0,20.0,127.0,7.0,18.142857142857142,6.35,17.142857142857142,1.0,0.0,57.0,2.0,0.0,0.0
137,James Neesham,New Zealand,Rajasthan Royals,All-Rounder,15000000,149580.0,0.0,0.0,31.0,0.0,17.0,15.5,27.0,114.81481481481481,0.0,0.0,3.0,0.0,0.0,0.0,0.0,0.0,0.0,0.0,0.0,0.0,0.0,5.0,1.0,0.0,0.0
138,Karun Nair,India,Rajasthan Royals,Batsman,14000000,139608.0,0.0,0.0,16.0,0.0,13.0,8.0,18.0,88.88888888888889,0.0,0.0,1.0,0.0,0.0,0.0,0.0,0.0,0.0,0.0,0.0,0.0,0.0,0.0,1.0,0.0,0.0
139,Rassie Van Der Dussen,South Africa,Rajasthan Royals,Batsman,10000000,99720.0,0.0,0.0,0.0,0.0,0.0,0.0,0.0,0.0,0.0,0.0,0.0,0.0,0.0,0.0,0.0,0.0,0.0,0.0,0.0,0.0,0.0,0.0,0.0,3.0,0.0
140,Daryl Mitchell,New Zealand,Rajasthan Royals,All-Rounder,7500000,74790.0,0.0,0.0,33.0,0.0,17.0,16.5,44.0,75.0,0.0,0.0,1.0,0.0,0.0,0.0,0.0,0.0,0.0,0.0,0.0,0.0,0.0,1.0,2.0,0.0,0.0
141,Obed McCoy,West Indies,Rajasthan Royals,Bowler,7500000,74790.0,0.0,0.0,8.0,0.0,8.0,8.0,5.0,160.0,0.0,0.0,0.0,1.0,7.0,25.5,237.0,11.0,21.545454545454547,9.294117647058824,13.909090909090908,0.0,0.0,48.0,1.0,0.0,0.0
142,K.C Cariappa,India,Rajasthan Royals,Bowler,3000000,29916.0,,,,,,,,,,,,,,,,,,,,,,,,,
143,Kuldeep Sen,India,Rajasthan Royals,Bowler,2000000,19944.0,0.0,0.0,0.0,0.0,0.0,0.0,0.0,0.0,0.0,0.0,0.0,0.0,7.0,25.1,237.0,8.0,29.625,9.44223107569721,18.825000000000003,1.0,0.0,59.0,3.0,0.0,0.0
144,Dhruv Jurel,India,Rajasthan Royals,Wicket-Keeper,2000000,19944.0,,,,,,,,,,,,,,,,,,,,,,,,,
145,Tejas Baroka,India,Rajasthan Royals,Bowler,2000000,19944.0,,,,,,,,,,,,,,,,,,,,,,,,,
146,Kuldip Yadav,India,Rajasthan Royals,Bowler,2000000,19944.0,2.0,1.0,0.0,0.0,0.0,0.0,4.0,0.0,0.0,0.0,0.0,0.0,0.0,0.0,0.0,0.0,0.0,0.0,0.0,0.0,0.0,0.0,0.0,0.0,0.0
147,Shubham Garhwal,India,Rajasthan Royals,All-Rounder,2000000,19944.0,,,,,,,,,,,,,,,,,,,,,,,,,
148,Anunay Singh,India,Rajasthan Royals,All-Rounder,2000000,19944.0,,,,,,,,,,,,,,,,,,,,,,,,,
149,Wanindu Hasaranga,Sri Lanka,Royal Challengers Bangalore,All-Rounder,107500000,1071990.0,4.0,1.0,39.0,1.0,18.0,4.333333333333333,45.0,86.66666666666667,0.0,0.0,4.0,1.0,16.0,57.0,430.0,26.0,16.53846153846154,7.543859649122807,13.153846153846153,1.0,1.0,143.0,3.0,3.0,0.0
150,Harshal Patel,India,Royal Challengers Bangalore,All-Rounder,107500000,1071990.0,16.0,7.0,102.0,31.0,11.0,6.375,85.0,120.0,0.0,0.0,10.0,4.0,30.0,109.3,869.0,51.0,17.03921568627451,7.950594693504117,12.858823529411763,2.0,1.0,252.0,6.0,0.0,0.0
151,Josh Hazlewood,Australia,Royal Challengers Bangalore,Bowler,77500000,772830.0,0.0,5.0,18.0,0.0,7.0,3.6,26.0,69.23076923076923,0.0,0.0,1.0,0.0,21.0,81.3,670.0,31.0,21.612903225806452,8.24108241082411,15.735483870967741,1.0,0.0,210.0,2.0,0.0,0.0
152,Faf Du Plessis,South Africa,Royal Challengers Bangalore,Batsman,70000000,698040.0,0.0,1.0,468.0,0.0,96.0,29.25,367.0,127.52043596730245,0.0,3.0,49.0,13.0,0.0,0.0,0.0,0.0,0.0,0.0,0.0,0.0,0.0,0.0,0.0,0.0,0.0
153,Dinesh Karthik,India,Royal Challengers Bangalore,Wicket-Keeper,55000000,548460.0,30.0,15.0,553.0,40.0,66.0,17.838709677419356,350.0,158.0,0.0,1.0,49.0,29.0,0.0,0.0,0.0,0.0,0.0,0.0,0.0,0.0,0.0,0.0,15.0,3.0,4.0
154,Anuj Rawat,India,Royal Challengers Bangalore,Wicket-Keeper,34000000,339048.0,2.0,0.0,129.0,0.0,66.0,14.333333333333334,119.0,108.40336134453781,0.0,1.0,10.0,7.0,0.0,0.0,0.0,0.0,0.0,0.0,0.0,0.0,0.0,0.0,5.0,0.0,0.0
155,Shahbaz Ahamad,India,Royal Challengers Bangalore,All-Rounder,24000000,239328.0,0.0,0.0,0.0,0.0,0.0,0.0,0.0,0.0,0.0,0.0,0.0,0.0,0.0,0.0,0.0,0.0,0.0,0.0,0.0,0.0,0.0,79.0,12.0,3.0,0.0
156,David Willey,England,Royal Challengers Bangalore,All-Rounder,20000000,199440.0,0.0,0.0,18.0,0.0,18.0,9.0,30.0,60.0,0.0,0.0,3.0,0.0,4.0,11.0,72.0,1.0,72.0,6.545454545454546,66.0,0.0,0.0,27.0,1.0,0.0,0.0
157,Sherfane Rutherford,West Indies,Royal Challengers Bangalore,All-Rounder,10000000,99720.0,0.0,0.0,33.0,0.0,28.0,16.5,50.0,66.0,0.0,0.0,1.0,1.0,0.0,0.0,0.0,0.0,0.0,0.0,0.0,0.0,0.0,0.0,0.0,0.0,0.0
158,Mahipal Lomror,India,Royal Challengers Bangalore,All-Rounder,9500000,94734.0,8.0,1.0,180.0,43.0,42.0,20.0,130.0,138.46153846153845,0.0,0.0,10.0,10.0,4.0,7.0,47.0,1.0,47.0,6.714285714285714,42.0,0.0,0.0,3.0,2.0,0.0,0.0
159,Finn Allen,New Zealand,Royal Challengers Bangalore,Batsman,8000000,79776.0,,,,,,,,,,,,,,,,,,,,,,,,,
160,Jason Behrendorff,Australia,Royal Challengers Bangalore,Bowler,7500000,74790.0,,,,,,,,,,,,,,,,,,,,,,,,,
161,Siddharth Kaul,India,Royal Challengers Bangalore,Bowler,7500000,74790.0,,,,,,,,,,,,,,,,,,,,,,,,,
162,Karn Sharma,India,Royal Challengers Bangalore,Bowler,5000000,49860.0,,,,,,,,,,,,,,,,,,,,,,,,,
163,Suyash Prabhudessai,India,Royal Challengers Bangalore,All-Rounder,3000000,29916.0,0.0,0.0,0.0,0.0,0.0,0.0,0.0,0.0,0.0,0.0,0.0,0.0,0.0,0.0,0.0,0.0,0.0,0.0,0.0,0.0,0.0,0.0,3.0,4.5,0.0
164,Chama Milind,India,Royal Challengers Bangalore,Bowler,2500000,24930.0,,,,,,,,,,,,,,,,,,,,,,,,,
165,Akash Deep,India,Royal Challengers Bangalore,Bowler,2000000,19944.0,0.0,0.0,0.0,0.0,0.0,0.0,0.0,0.0,0.0,0.0,0.0,0.0,5.0,18.5,205.0,5.0,41.0,11.08108108108108,22.2,0.0,0.0,40.0,2.0,0.0,0.0
166,Luvnith Sisodia,India,Royal Challengers Bangalore,Wicket-Keeper,2000000,19944.0,,,,,,,,,,,,,,,,,,,,,,,,,
167,Aneeshwar Gautam,India,Royal Challengers Bangalore,All-Rounder,2000000,19944.0,,,,,,,,,,,,,,,,,,,,,,,,,
168,Washington Sundar,India,Sunrisers Hyderabad,All-Rounder,87500000,872550.0,8.0,0.0,132.0,10.0,40.0,12.0,116.0,113.79310344827586,0.0,0.0,11.0,3.0,14.0,44.0,357.0,9.0,39.666666666666664,8.113636363636363,29.333333333333332,0.0,0.0,47.0,1.0,0.0,0.0
169,Rahul Tripathi,India,Sunrisers Hyderabad,Batsman,85000000,847620.0,32.0,5.0,810.0,74.0,76.0,27.0,544.0,148.89705882352942,0.0,5.0,81.0,31.0,0.0,0.0,0.0,0.0,0.0,0.0,0.0,0.0,0.0,0.0,14.0,0.0,0.0
170,Abhishek Sharma,India,Sunrisers Hyderabad,All-Rounder,65000000,648180.0,14.0,1.0,524.0,33.0,75.0,24.952380952380953,395.0,132.65822784810126,0.0,2.0,54.0,17.0,6.0,10.0,64.0,4.0,16.0,6.4,15.0,0.0,0.0,29.0,3.0,0.0,0.0
171,Bhuvneshwar Kumar,India,Sunrisers Hyderabad,Bowler,42000000,418824.0,14.0,9.0,58.0,14.0,8.0,4.461538461538462,56.0,103.57142857142857,0.0,0.0,6.0,0.0,25.0,94.1,718.0,18.0,39.888888888888886,7.630180658873539,31.36666666666666,0.0,0.0,242.0,2.0,3.0,0.0
172,Marco Jansen,South Africa,Sunrisers Hyderabad,All-Rounder,42000000,418824.0,4.0,2.0,9.0,0.0,8.0,1.8,10.0,90.0,0.0,0.0,0.0,1.0,10.0,38.0,319.0,9.0,35.44444444444444,8.394736842105264,25.333333333333332,0.0,0.0,83.0,3.0,0.0,0.0
173,T. Natarajan,India,Sunrisers Hyderabad,Bowler,40000000,398880.0,,,,,,,,,,,,,,,,,,,,,,,,,
174,Kartik Tyagi,India,Sunrisers Hyderabad,Bowler,40000000,398880.0,4.0,1.0,9.0,1.0,7.0,2.25,10.0,90.0,0.0,0.0,1.0,0.0,6.0,22.0,203.0,5.0,40.6,9.227272727272727,26.4,0.0,0.0,20.0,0.0,0.0,0.0
175,Aiden Markram,South Africa,Sunrisers Hyderabad,Batsman,26000000,259272.0,12.0,5.0,527.0,42.0,68.0,29.27777777777778,393.0,134.0966921119593,0.0,3.0,37.0,23.0,4.0,6.0,64.0,1.0,64.0,10.666666666666666,36.0,0.0,0.0,8.0,6.0,0.0,0.0
176,Sean Abbott,Australia,Sunrisers Hyderabad,Bowler,24000000,239328.0,0.0,0.0,7.0,0.0,7.0,7.0,5.0,140.0,0.0,0.0,0.0,1.0,1.0,4.0,47.0,1.0,47.0,11.75,24.0,0.0,0.0,7.0,1.0,0.0,0.0
177,Glenn Phillips,New Zealand,Sunrisers Hyderabad,Wicket-Keeper,15000000,149580.0,6.0,1.0,26.0,14.0,0.0,8.666666666666666,33.0,78.78787878787878,0.0,0.0,1.0,2.0,2.0,2.0,20.0,1.0,20.0,10.0,12.0,0.0,0.0,0.0,0.0,0.0,0.0
178,Shreyas Gopal,India,Sunrisers Hyderabad,Bowler,7500000,74790.0,4.0,2.0,16.0,7.0,9.0,5.333333333333333,12.0,133.33333333333334,0.0,0.0,2.0,1.0,1.0,3.0,34.0,1.0,34.0,11.333333333333334,18.0,0.0,0.0,7.0,0.0,0.0,0.0
179,Fazalhaq Farooqi,Afghanistan,Sunrisers Hyderabad,Bowler,5000000,49860.0,0.0,1.0,2.0,0.0,2.0,2.0,8.0,25.0,0.0,0.0,0.0,0.0,3.0,12.0,110.0,2.0,55.0,9.166666666666666,36.0,0.0,0.0,24.0,0.0,0.0,0.0
180,Priyam Garg,India,Sunrisers Hyderabad,Batsman,2000000,19944.0,10.0,0.0,118.0,29.0,42.0,16.857142857142858,107.0,110.2803738317757,0.0,0.0,6.0,5.0,0.0,0.0,0.0,0.0,0.0,0.0,0.0,0.0,0.0,0.0,3.0,0.0,0.0
181,Jagadeesha Suchith,India,Sunrisers Hyderabad,Bowler,2000000,19944.0,2.0,1.0,16.0,14.0,2.0,5.333333333333333,14.0,114.28571428571429,0.0,0.0,2.0,1.0,5.0,18.0,140.0,7.0,20.0,7.777777777777778,15.428571428571429,0.0,0.0,49.0,1.0,1.5,0.0
182,R Samarth,India,Sunrisers Hyderabad,Batsman,2000000,19944.0,,,,,,,,,,,,,,,,,,,,,,,,,
183,Shashank Singh,India,Sunrisers Hyderabad,All-Rounder,2000000,19944.0,0.0,1.0,69.0,0.0,25.0,13.8,47.0,146.80851063829786,0.0,0.0,5.0,4.0,0.0,0.0,0.0,0.0,0.0,0.0,0.0,0.0,0.0,1.0,3.0,0.0,0.0
184,Saurabh Dubey,India,Sunrisers Hyderabad,Bowler,2000000,19944.0,,,,,,,,,,,,,,,,,,,,,,,,,
185,Suresh Raina,India,Unsold,Batsman,20000000,199440.0,22.0,2.0,160.0,54.0,0.0,14.545454545454545,128.0,125.0,0.0,1.0,13.0,9.0,0.0,0.0,0.0,0.0,0.0,0.0,0.0,0.0,0.0,0.0,7.0,0.0,0.0
186,Steve Smith,Australia,Unsold,Batsman,20000000,199440.0,14.0,1.0,152.0,39.0,0.0,21.714285714285715,135.0,112.5925925925926,0.0,0.0,13.0,2.0,0.0,0.0,0.0,0.0,0.0,0.0,0.0,0.0,0.0,0.0,0.0,0.0,0.0
187,Imran Tahir,South Africa,Unsold,Bowler,20000000,199440.0,0.0,0.0,0.0,0.0,0.0,0.0,0.0,0.0,0.0,0.0,0.0,0.0,1.0,4.0,16.0,2.0,8.0,4.0,12.0,0.0,0.0,0.0,0.0,0.0,0.0
188,Mujeeb Zadran,Afghanistan,Unsold,Bowler,20000000,199440.0,,,,,,,,,,,,,,,,,,,,,,,,,
189,James Vince,England,Unsold,Batsman,20000000,199440.0,,,,,,,,,,,,,,,,,,,,,,,,,
190,Marchant De Lange,South Africa,Unsold,Bowler,20000000,199440.0,,,,,,,,,,,,,,,,,,,,,,,,,
191,Saqib Mahmood,England,Unsold,Bowler,20000000,199440.0,,,,,,,,,,,,,,,,,,,,,,,,,
192,Ashton Agar,Australia,Unsold,All-Rounder,20000000,199440.0,,,,,,,,,,,,,,,,,,,,,,,,,
193,Craig Overton,England,Unsold,All-Rounder,20000000,199440.0,,,,,,,,,,,,,,,,,,,,,,,,,
194,Aaron Finch,Australia,Unsold,Batsman,15000000,149580.0,0.0,0.0,86.0,0.0,58.0,17.2,61.0,140.98360655737704,0.0,1.0,10.0,3.0,0.0,0.0,0.0,0.0,0.0,0.0,0.0,0.0,0.0,0.0,1.0,0.0,0.0
195,Dawid Malan,England,Unsold,Batsman,15000000,149580.0,2.0,0.0,26.0,26.0,0.0,26.0,26.0,100.0,0.0,0.0,1.0,1.0,0.0,0.0,0.0,0.0,0.0,0.0,0.0,0.0,0.0,0.0,0.0,0.0,0.0
196,Eoin Morgan,England,Unsold,Batsman,15000000,149580.0,32.0,4.0,133.0,47.0,0.0,8.3125,139.0,95.68345323741008,0.0,0.0,8.0,6.0,0.0,0.0,0.0,0.0,0.0,0.0,0.0,0.0,0.0,0.0,9.0,0.0,0.0
197,Chris Lynn,Australia,Unsold,Batsman,15000000,149580.0,2.0,0.0,49.0,49.0,0.0,49.0,35.0,140.0,0.0,0.0,4.0,3.0,0.0,0.0,0.0,0.0,0.0,0.0,0.0,0.0,0.0,0.0,0.0,0.0,0.0
198,Usman Khawaja,Australia,Unsold,Batsman,15000000,149580.0,,,,,,,,,,,,,,,,,,,,,,,,,
199,Lewis Gregory,England,Unsold,All-Rounder,15000000,149580.0,,,,,,,,,,,,,,,,,,,,,,,,,
200,Kane Richardson,Australia,Unsold,Bowler,15000000,149580.0,0.0,0.0,0.0,0.0,0.0,0.0,0.0,0.0,0.0,0.0,0.0,0.0,1.0,3.0,29.0,1.0,29.0,9.666666666666666,18.0,0.0,0.0,0.0,0.0,0.0,0.0
201,Colin Munro,New Zealand,Unsold,All-Rounder,15000000,149580.0,,,,,,,,,,,,,,,,,,,,,,,,,
202,Marnus Labuschagne,Australia,Unsold,Batsman,10000000,99720.0,,,,,,,,,,,,,,,,,,,,,,,,,
203,Tabraiz Shamsi,South Africa,Unsold,Bowler,10000000,99720.0,2.0,1.0,2.0,2.0,0.0,2.0,4.0,50.0,0.0,0.0,0.0,0.0,0.0,0.0,0.0,0.0,0.0,0.0,0.0,0.0,0.0,0.0,0.0,0.0,0.0
204,Joshua Philippe,Australia,Unsold,Wicket-Keeper,10000000,99720.0,,,,,,,,,,,,,,,,,,,,,,,,,
205,Andrew Tye,Australia,Unsold,Bowler,10000000,99720.0,0.0,0.0,0.0,0.0,0.0,0.0,0.0,0.0,0.0,0.0,0.0,0.0,3.0,11.0,107.0,2.0,53.5,9.727272727272727,33.0,0.0,0.0,24.0,1.0,0.0,0.0
206,Roston Chase,West Indies,Unsold,All-Rounder,10000000,99720.0,,,,,,,,,,,,,,,,,,,,,,,,,
207,Moises Henriques,Australia,Unsold,All-Rounder,10000000,99720.0,8.0,2.0,31.0,14.0,0.0,7.75,32.0,96.875,0.0,0.0,0.0,1.0,5.0,10.0,45.0,4.0,11.25,4.5,15.0,0.0,0.0,0.0,0.0,0.0,0.0
208,Kedar Jadhav,India,Unsold,All-Rounder,10000000,99720.0,10.0,1.0,55.0,19.0,0.0,11.0,52.0,105.76923076923077,0.0,0.0,2.0,2.0,0.0,0.0,0.0,0.0,0.0,0.0,0.0,0.0,0.0,0.0,0.0,0.0,0.0
209,Colin De Grandhomme,New Zealand,Unsold,All-Rounder,10000000,99720.0,,,,,,,,,,,,,,,,,,,,,,,,,
210,James Faulkner,Australia,Unsold,All-Rounder,10000000,99720.0,,,,,,,,,,,,,,,,,,,,,,,,,
211,D'Arcy Short,Australia,Unsold,All-Rounder,10000000,99720.0,,,,,,,,,,,,,,,,,,,,,,,,,
212,Sheldon Cottrell,West Indies,Unsold,Bowler,7500000,74790.0,,,,,,,,,,,,,,,,,,,,,,,,,
213,Todd Astle,New Zealand,Unsold,Bowler,7500000,74790.0,,,,,,,,,,,,,,,,,,,,,,,,,
214,Martin Guptill,New Zealand,Unsold,Batsman,7500000,74790.0,,,,,,,,,,,,,,,,,,,,,,,,,
215,Ben Cutting,Australia,Unsold,All-Rounder,7500000,74790.0,,,,,,,,,,,,,,,,,,,,,,,,,
216,Scott Kuggeleijn,New Zealand,Unsold,All-Rounder,7500000,74790.0,,,,,,,,,,,,,,,,,,,,,,,,,
217,Dhawal Kulkarni,India,Unsold,Bowler,7500000,74790.0,,,,,,,,,,,,,,,,,,,,,,,,,
218,Darren Bravo,West Indies,Unsold,Batsman,7500000,74790.0,,,,,,,,,,,,,,,,,,,,,,,,,
219,Carlos Brathwaite,West Indies,Unsold,All-Rounder,7500000,74790.0,,,,,,,,,,,,,,,,,,,,,,,,,
220,Keemo Paul,West Indies,Unsold,All-Rounder,7500000,74790.0,,,,,,,,,,,,,,,,,,,,,,,,,
221,Billy Stanlake,Australia,Unsold,Bowler,7500000,74790.0,,,,,,,,,,,,,,,,,,,,,,,,,
222,Cheteshwar Pujara,India,Unsold,Batsman,5000000,49860.0,,,,,,,,,,,,,,,,,,,,,,,,,
223,Saurabh Tiwary,India,Unsold,Batsman,5000000,49860.0,8.0,2.0,115.0,50.0,0.0,28.75,97.0,118.55670103092784,0.0,1.0,10.0,2.0,0.0,0.0,0.0,0.0,0.0,0.0,0.0,0.0,0.0,0.0,0.0,0.0,0.0
224,Qais Ahmad,Afghanistan,Unsold,Bowler,5000000,49860.0,,,,,,,,,,,,,,,,,,,,,,,,,
225,Ish Sodhi,New Zealand,Unsold,Bowler,5000000,49860.0,,,,,,,,,,,,,,,,,,,,,,,,,
226,Najibullah Zadran,Afghanistan,Unsold,Batsman,5000000,49860.0,,,,,,,,,,,,,,,,,,,,,,,,,
227,Charith Asalanka,Sri Lanka,Unsold,All-Rounder,5000000,49860.0,,,,,,,,,,,,,,,,,,,,,,,,,
228,George Garton,England,Unsold,All-Rounder,5000000,49860.0,6.0,2.0,2.0,2.0,0.0,0.6666666666666666,4.0,50.0,0.0,0.0,0.0,0.0,5.0,15.0,135.0,3.0,45.0,9.0,30.0,0.0,0.0,0.0,0.0,0.0,0.0
229,Niroshan Dickwella,Sri Lanka,Unsold,Wicket-Keeper,5000000,49860.0,,,,,,,,,,,,,,,,,,,,,,,,,
230,Andre Fletcher,West Indies,Unsold,Wicket-Keeper,5000000,49860.0,,,,,,,,,,,,,,,,,,,,,,,,,
231,Rahmanullah Gurbaz,Afghanistan,Unsold,Wicket-Keeper,5000000,49860.0,,,,,,,,,,,,,,,,,,,,,,,,,
232,Shai Hope,West Indies,Unsold,Wicket-Keeper,5000000,49860.0,,,,,,,,,,,,,,,,,,,,,,,,,
233,Ben Mcdermott,Australia,Unsold,Wicket-Keeper,5000000,49860.0,,,,,,,,,,,,,,,,,,,,,,,,,
234,Kusal Mendis,Sri Lanka,Unsold,Wicket-Keeper,5000000,49860.0,,,,,,,,,,,,,,,,,,,,,,,,,
235,Kusal Perera,Sri Lanka,Unsold,Wicket-Keeper,5000000,49860.0,,,,,,,,,,,,,,,,,,,,,,,,,
236,Sandeep Warrier,India,Unsold,Bowler,5000000,49860.0,,,,,,,,,,,,,,,,,,,,,,,,,
237,Akila Dhananjaya,Sri Lanka,Unsold,Bowler,5000000,49860.0,,,,,,,,,,,,,,,,,,,,,,,,,
238,Zahir Khan,Afghanistan,Unsold,Bowler,5000000,49860.0,,,,,,,,,,,,,,,,,,,,,,,,,
239,Keshav Maharaj,South Africa,Unsold,Bowler,5000000,49860.0,,,,,,,,,,,,,,,,,,,,,,,,,
240,Waqar Salamkheil,Afghanistan,Unsold,Bowler,5000000,49860.0,,,,,,,,,,,,,,,,,,,,,,,,,
241,Rahul Sharma,India,Unsold,Bowler,5000000,49860.0,,,,,,,,,,,,,,,,,,,,,,,,,
242,Hayden Walsh,West Indies,Unsold,Bowler,5000000,49860.0,,,,,,,,,,,,,,,,,,,,,,,,,
243,Brandon King,West Indies,Unsold,Batsman,5000000,49860.0,,,,,,,,,,,,,,,,,,,,,,,,,
244,Janneman Malan,South Africa,Unsold,Batsman,5000000,49860.0,,,,,,,,,,,,,,,,,,,,,,,,,
245,Paul Stirling,Ireland,Unsold,Batsman,5000000,49860.0,,,,,,,,,,,,,,,,,,,,,,,,,
246,Hanuma Vihari,India,Unsold,Batsman,5000000,49860.0,,,,,,,,,,,,,,,,,,,,,,,,,
247,Hazratullah Zazai,Afghanistan,Unsold,Batsman,5000000,49860.0,,,,,,,,,,,,,,,,,,,,,,,,,
248,Karim Janat,Afghanistan,Unsold,All-Rounder,5000000,49860.0,,,,,,,,,,,,,,,,,,,,,,,,,
249,Pawan Negi,India,Unsold,All-Rounder,5000000,49860.0,,,,,,,,,,,,,,,,,,,,,,,,,
250,Taskin Ahmed,Bangladesh,Unsold,Bowler,5000000,49860.0,,,,,,,,,,,,,,,,,,,,,,,,,
251,Shamrah Brooks,West Indies,Unsold,Batsman,5000000,49860.0,,,,,,,,,,,,,,,,,,,,,,,,,
252,Avishka Fernando,Sri Lanka,Unsold,Batsman,5000000,49860.0,,,,,,,,,,,,,,,,,,,,,,,,,
253,Zubayr Hamza,South Africa,Unsold,Batsman,5000000,49860.0,,,,,,,,,,,,,,,,,,,,,,,,,
254,Pathum Nissaanka,Sri Lanka,Unsold,Batsman,5000000,49860.0,,,,,,,,,,,,,,,,,,,,,,,,,
255,Kurtis Patterson,Australia,Unsold,Batsman,5000000,49860.0,,,,,,,,,,,,,,,,,,,,,,,,,
256,Hashmatullah Shahidi,Afghanistan,Unsold,Batsman,5000000,49860.0,,,,,,,,,,,,,,,,,,,,,,,,,
257,Manoj Tiwary,India,Unsold,Batsman,5000000,49860.0,,,,,,,,,,,,,,,,,,,,,,,,,
258,Gulbadin Naib,Afghanistan,Unsold,All-Rounder,5000000,49860.0,,,,,,,,,,,,,,,,,,,,,,,,,
259,Parvez Rasool,India,Unsold,All-Rounder,5000000,49860.0,,,,,,,,,,,,,,,,,,,,,,,,,
260,Dasun Shanaka,Sri Lanka,Unsold,All-Rounder,5000000,49860.0,,,,,,,,,,,,,,,,,,,,,,,,,
261,Wesley Agar,Australia,Unsold,Bowler,5000000,49860.0,,,,,,,,,,,,,,,,,,,,,,,,,
262,Shoriful Islam,Bangladesh,Unsold,Bowler,5000000,49860.0,,,,,,,,,,,,,,,,,,,,,,,,,
263,Josh Little,Ireland,Unsold,Bowler,5000000,49860.0,,,,,,,,,,,,,,,,,,,,,,,,,
264,Blessing Muzarabani,Zimbabwe,Unsold,Bowler,5000000,49860.0,,,,,,,,,,,,,,,,,,,,,,,,,
265,Jayden Seales,West Indies,Unsold,Bowler,5000000,49860.0,,,,,,,,,,,,,,,,,,,,,,,,,
266,Barinder Sran,India,Unsold,Bowler,5000000,49860.0,,,,,,,,,,,,,,,,,,,,,,,,,
267,Neil Wagner,New Zealand,Unsold,Bowler,5000000,49860.0,,,,,,,,,,,,,,,,,,,,,,,,,
268,Curtis Campher,Ireland,Unsold,All-Rounder,5000000,49860.0,,,,,,,,,,,,,,,,,,,,,,,,,
269,Wayne Parnell,South Africa,Unsold,All-Rounder,5000000,49860.0,,,,,,,,,,,,,,,,,,,,,,,,,
270,Samit Patel,England,Unsold,All-Rounder,5000000,49860.0,,,,,,,,,,,,,,,,,,,,,,,,,
271,Thisara Perera,Sri Lanka,Unsold,All-Rounder,5000000,49860.0,,,,,,,,,,,,,,,,,,,,,,,,,
272,Murali Vijay,India,Unsold,All-Rounder,5000000,49860.0,,,,,,,,,,,,,,,,,,,,,,,,,
273,Jack Wildermuth,Australia,Unsold,All-Rounder,5000000,49860.0,,,,,,,,,,,,,,,,,,,,,,,,,
274,Hamish Bennett,New Zealand,Unsold,Bowler,5000000,49860.0,,,,,,,,,,,,,,,,,,,,,,,,,
275,Daryn Dupavillon,South Africa,Unsold,Bowler,5000000,49860.0,,,,,,,,,,,,,,,,,,,,,,,,,
276,Fidel Edwards,West Indies,Unsold,Bowler,5000000,49860.0,,,,,,,,,,,,,,,,,,,,,,,,,
277,Hamid Hassan,Afghanistan,Unsold,Bowler,5000000,49860.0,,,,,,,,,,,,,,,,,,,,,,,,,
278,Lahiru Kumara,Sri Lanka,Unsold,Bowler,5000000,49860.0,,,,,,,,,,,,,,,,,,,,,,,,,
279,Joel Paris,Australia,Unsold,Bowler,5000000,49860.0,,,,,,,,,,,,,,,,,,,,,,,,,
280,S. Sreesanth,India,Unsold,Bowler,5000000,49860.0,,,,,,,,,,,,,,,,,,,,,,,,,
281,Oshane Thomas,West Indies,Unsold,Bowler,5000000,49860.0,,,,,,,,,,,,,,,,,,,,,,,,,
282,Blair Tickner,New Zealand,Unsold,Bowler,5000000,49860.0,,,,,,,,,,,,,,,,,,,,,,,,,
283,Isuru Udana,Sri Lanka,Unsold,Bowler,5000000,49860.0,,,,,,,,,,,,,,,,,,,,,,,,,
284,Mark Adnair,Ireland,Unsold,All-Rounder,5000000,49860.0,,,,,,,,,,,,,,,,,,,,,,,,,
285,Hilton Cartwright,Australia,Unsold,All-Rounder,5000000,49860.0,,,,,,,,,,,,,,,,,,,,,,,,,
286,Gareth Delany,Ireland,Unsold,All-Rounder,5000000,49860.0,,,,,,,,,,,,,,,,,,,,,,,,,
287,Danushka Gunatilaka,Sri Lanka,Unsold,All-Rounder,5000000,49860.0,,,,,,,,,,,,,,,,,,,,,,,,,
288,Anaru Kitchen,New Zealand,Unsold,All-Rounder,5000000,49860.0,,,,,,,,,,,,,,,,,,,,,,,,,
289,Dhananjaya Lakshan,Sri Lanka,Unsold,All-Rounder,5000000,49860.0,,,,,,,,,,,,,,,,,,,,,,,,,
290,Sisanda Magala,South Africa,Unsold,All-Rounder,5000000,49860.0,,,,,,,,,,,,,,,,,,,,,,,,,
291,Andile Phehlukwayo,South Africa,Unsold,All-Rounder,5000000,49860.0,,,,,,,,,,,,,,,,,,,,,,,,,
292,Seekkuge Prasanna,Sri Lanka,Unsold,All-Rounder,5000000,49860.0,,,,,,,,,,,,,,,,,,,,,,,,,
293,Raymon Reifer,West Indies,Unsold,All-Rounder,5000000,49860.0,,,,,,,,,,,,,,,,,,,,,,,,,
294,Brad Wheal,Scotland,Unsold,Bowler,5000000,49860.0,,,,,,,,,,,,,,,,,,,,,,,,,
295,Sandeep Lamichhane,Nepal,Unsold,Bowler,4000000,39888.0,,,,,,,,,,,,,,,,,,,,,,,,,
296,Tom Kohler-Cadmore,England,Unsold,Batsman,4000000,39888.0,,,,,,,,,,,,,,,,,,,,,,,,,
297,Laurie Evans,England,Unsold,Batsman,4000000,39888.0,,,,,,,,,,,,,,,,,,,,,,,,,
298,Arun Karthick,India,Unsold,Wicket-Keeper,4000000,39888.0,,,,,,,,,,,,,,,,,,,,,,,,,
299,Kennar Lewis,West Indies,Unsold,Wicket-Keeper,4000000,39888.0,,,,,,,,,,,,,,,,,,,,,,,,,
300,Ali Khan,USA,Unsold,Bowler,4000000,39888.0,,,,,,,,,,,,,,,,,,,,,,,,,
301,Chris Green,Australia,Unsold,All-Rounder,4000000,39888.0,,,,,,,,,,,,,,,,,,,,,,,,,
302,Ben Dwarshuis,Australia,Unsold,Bowler,3000000,29916.0,,,,,,,,,,,,,,,,,,,,,,,,,
303,Jalaj Saxena,India,Unsold,Bowler,3000000,29916.0,,,,,,,,,,,,,,,,,,,,,,,,,
304,Matt Kelly,Australia,Unsold,Bowler,3000000,29916.0,,,,,,,,,,,,,,,,,,,,,,,,,
305,Rajat Patidar,India,Unsold,Batsman,2000000,19944.0,0.0,1.0,333.0,0.0,112.0,47.57142857142857,218.0,152.75229357798165,1.0,2.0,27.0,18.0,0.0,0.0,0.0,0.0,0.0,0.0,0.0,0.0,0.0,0.0,4.0,0.0,0.0
306,Mohammed Azharuddeen,India,Unsold,Wicket-Keeper,2000000,19944.0,,,,,,,,,,,,,,,,,,,,,,,,,
307,Vishnu Solanki,India,Unsold,Wicket-Keeper,2000000,19944.0,,,,,,,,,,,,,,,,,,,,,,,,,
308,M. Siddharth,India,Unsold,Bowler,2000000,19944.0,,,,,,,,,,,,,,,,,,,,,,,,,
309,Sachin Baby,India,Unsold,Batsman,2000000,19944.0,2.0,0.0,7.0,7.0,0.0,7.0,17.0,41.1764705882353,0.0,0.0,0.0,0.0,0.0,0.0,0.0,0.0,0.0,0.0,0.0,0.0,0.0,0.0,0.0,0.0,0.0
310,Ricky Bhui,India,Unsold,Batsman,2000000,19944.0,,,,,,,,,,,,,,,,,,,,,,,,,
311,Himanshu Rana,India,Unsold,Batsman,2000000,19944.0,,,,,,,,,,,,,,,,,,,,,,,,,
312,Harnoor Singh,India,Unsold,Batsman,2000000,19944.0,,,,,,,,,,,,,,,,,,,,,,,,,
313,Himmat Singh,India,Unsold,Batsman,2000000,19944.0,,,,,,,,,,,,,,,,,,,,,,,,,
314,Virat Singh,India,Unsold,Batsman,2000000,19944.0,4.0,0.0,15.0,11.0,0.0,7.5,26.0,57.69230769230769,0.0,0.0,1.0,0.0,0.0,0.0,0.0,0.0,0.0,0.0,0.0,0.0,0.0,0.0,0.0,0.0,0.0
315,Arzan Nagwaswalla,India,Unsold,Bowler,2000000,19944.0,,,,,,,,,,,,,,,,,,,,,,,,,
316,Akash Singh,India,Unsold,Bowler,2000000,19944.0,,,,,,,,,,,,,,,,,,,,,,,,,
317,Vasu Vats,India,Unsold,Bowler,2000000,19944.0,,,,,,,,,,,,,,,,,,,,,,,,,
318,Mujtaba Yousuf,India,Unsold,Bowler,2000000,19944.0,,,,,,,,,,,,,,,,,,,,,,,,,
319,Tanmay Agarwal,India,Unsold,Batsman,2000000,19944.0,,,,,,,,,,,,,,,,,,,,,,,,,
320,Shivam Chauhan,India,Unsold,Batsman,2000000,19944.0,,,,,,,,,,,,,,,,,,,,,,,,,
321,Nikhil Gangta,India,Unsold,Batsman,2000000,19944.0,,,,,,,,,,,,,,,,,,,,,,,,,
322,Rohan Kadam,India,Unsold,Batsman,2000000,19944.0,,,,,,,,,,,,,,,,,,,,,,,,,
323,Priyank Panchal,India,Unsold,Batsman,2000000,19944.0,,,,,,,,,,,,,,,,,,,,,,,,,
324,Sameer Rizvi,India,Unsold,Batsman,2000000,19944.0,,,,,,,,,,,,,,,,,,,,,,,,,
325,Ritwik Roy Chowdhury,India,Unsold,Batsman,2000000,19944.0,,,,,,,,,,,,,,,,,,,,,,,,,
326,Apoorv Wankhade,India,Unsold,Batsman,2000000,19944.0,,,,,,,,,,,,,,,,,,,,,,,,,
327,Atharva Ankolekar,India,Unsold,All-Rounder,2000000,19944.0,,,,,,,,,,,,,,,,,,,,,,,,,
328,Tanay Thyagarajan,India,Unsold,All-Rounder,2000000,19944.0,,,,,,,,,,,,,,,,,,,,,,,,,
329,Ankush Bains,India,Unsold,Wicket-Keeper,2000000,19944.0,,,,,,,,,,,,,,,,,,,,,,,,,
330,Prashant Chopra,India,Unsold,Wicket-Keeper,2000000,19944.0,,,,,,,,,,,,,,,,,,,,,,,,,
331,Kedar Devdhar,India,Unsold,Wicket-Keeper,2000000,19944.0,,,,,,,,,,,,,,,,,,,,,,,,,
332,Shreevats Goswami,India,Unsold,Wicket-Keeper,2000000,19944.0,,,,,,,,,,,,,,,,,,,,,,,,,
333,Akshdeep Nath,India,Unsold,Wicket-Keeper,2000000,19944.0,,,,,,,,,,,,,,,,,,,,,,,,,
334,Aditya Tare,India,Unsold,Wicket-Keeper,2000000,19944.0,,,,,,,,,,,,,,,,,,,,,,,,,
335,Pankaj Jaswal,India,Unsold,Bowler,2000000,19944.0,,,,,,,,,,,,,,,,,,,,,,,,,
336,Lukman Hussain Meriwala,India,Unsold,Bowler,2000000,19944.0,,,,,,,,,,,,,,,,,,,,,,,,,
337,Vyshak Vijay Kumar,India,Unsold,Bowler,2000000,19944.0,,,,,,,,,,,,,,,,,,,,,,,,,
338,Zeeshan Ansari,India,Unsold,Bowler,2000000,19944.0,,,,,,,,,,,,,,,,,,,,,,,,,
339,Yuvraj Chudasama,India,Unsold,Bowler,2000000,19944.0,,,,,,,,,,,,,,,,,,,,,,,,,
340,Dharmendrasinh Jadeja,India,Unsold,Bowler,2000000,19944.0,,,,,,,,,,,,,,,,,,,,,,,,,
341,Khrievitso Kense,India,Unsold,Bowler,2000000,19944.0,,,,,,,,,,,,,,,,,,,,,,,,,
342,Prince Balwant Rai,India,Unsold,Bowler,2000000,19944.0,,,,,,,,,,,,,,,,,,,,,,,,,
343,Pardeep Sahu,India,Unsold,Bowler,2000000,19944.0,,,,,,,,,,,,,,,,,,,,,,,,,
344,Midhun Sudhesan,India,Unsold,Bowler,2000000,19944.0,,,,,,,,,,,,,,,,,,,,,,,,,
345,Sudip Chatterjee,India,Unsold,Batsman,2000000,19944.0,,,,,,,,,,,,,,,,,,,,,,,,,
346,Hiten Dalal,India,Unsold,Batsman,2000000,19944.0,,,,,,,,,,,,,,,,,,,,,,,,,
347,Abhimanyu Easwaran,India,Unsold,Batsman,2000000,19944.0,,,,,,,,,,,,,,,,,,,,,,,,,
348,Rahul Gahlaut,India,Unsold,Batsman,2000000,19944.0,,,,,,,,,,,,,,,,,,,,,,,,,
349,Amandeep Khare,India,Unsold,Batsman,2000000,19944.0,,,,,,,,,,,,,,,,,,,,,,,,,
350,Mayank Rawat,India,Unsold,Batsman,2000000,19944.0,,,,,,,,,,,,,,,,,,,,,,,,,
351,Dhruv Shorey,India,Unsold,Batsman,2000000,19944.0,,,,,,,,,,,,,,,,,,,,,,,,,
352,Hayden Kerr,Australia,Unsold,All-Rounder,2000000,19944.0,,,,,,,,,,,,,,,,,,,,,,,,,
353,Saurabh Kumar,India,Unsold,All-Rounder,2000000,19944.0,,,,,,,,,,,,,,,,,,,,,,,,,
354,Dhruv Patel,India,Unsold,All-Rounder,2000000,19944.0,,,,,,,,,,,,,,,,,,,,,,,,,
355,Atit Sheth,India,Unsold,All-Rounder,2000000,19944.0,,,,,,,,,,,,,,,,,,,,,,,,,
356,Utkarsh Singh,India,Unsold,All-Rounder,2000000,19944.0,,,,,,,,,,,,,,,,,,,,,,,,,
357,Kaif Ahmad,India,Unsold,Wicket-Keeper,2000000,19944.0,,,,,,,,,,,,,,,,,,,,,,,,,
358,Shubhum Arora,India,Unsold,Wicket-Keeper,2000000,19944.0,,,,,,,,,,,,,,,,,,,,,,,,,
359,Eknath Kerkar,India,Unsold,Wicket-Keeper,2000000,19944.0,,,,,,,,,,,,,,,,,,,,,,,,,
360,Nikhil Naik,India,Unsold,Wicket-Keeper,2000000,19944.0,,,,,,,,,,,,,,,,,,,,,,,,,
361,B.R. Sharath,India,Unsold,Wicket-Keeper,2000000,19944.0,,,,,,,,,,,,,,,,,,,,,,,,,
362,K.L. Shrijith,India,Unsold,Wicket-Keeper,2000000,19944.0,,,,,,,,,,,,,,,,,,,,,,,,,
363,Mohit Avasthi,India,Unsold,Bowler,2000000,19944.0,,,,,,,,,,,,,,,,,,,,,,,,,
364,Sushant Mishra,India,Unsold,Bowler,2000000,19944.0,,,,,,,,,,,,,,,,,,,,,,,,,
365,Matheesha Pathirana,Sri Lanka,Unsold,Bowler,2000000,19944.0,0.0,0.0,0.0,0.0,0.0,0.0,0.0,0.0,0.0,0.0,0.0,0.0,2.0,6.5,52.0,2.0,26.0,8.0,19.5,0.0,0.0,20.0,1.0,0.0,0.0
366,G Periyasamy,India,Unsold,Bowler,2000000,19944.0,,,,,,,,,,,,,,,,,,,,,,,,,
367,M.Harishankar Reddy,India,Unsold,Bowler,2000000,19944.0,,,,,,,,,,,,,,,,,,,,,,,,,
368,R. Silambarasan,India,Unsold,Bowler,2000000,19944.0,,,,,,,,,,,,,,,,,,,,,,,,,
369,Aditya Thakare,India,Unsold,Bowler,2000000,19944.0,,,,,,,,,,,,,,,,,,,,,,,,,
370,Tanveer Ul Haq,India,Unsold,Bowler,2000000,19944.0,,,,,,,,,,,,,,,,,,,,,,,,,
371,Prithviraj Yarra,India,Unsold,Bowler,2000000,19944.0,,,,,,,,,,,,,,,,,,,,,,,,,
372,Satyajeet Bachhav,India,Unsold,Bowler,2000000,19944.0,,,,,,,,,,,,,,,,,,,,,,,,,
373,Chintal Gandhi,India,Unsold,Bowler,2000000,19944.0,,,,,,,,,,,,,,,,,,,,,,,,,
374,Jacob Lintott,England,Unsold,Bowler,2000000,19944.0,,,,,,,,,,,,,,,,,,,,,,,,,
375,Izharulhuq Naveed,Afghanistan,Unsold,Bowler,2000000,19944.0,,,,,,,,,,,,,,,,,,,,,,,,,
376,Tanveer Sangha,Australia,Unsold,Bowler,2000000,19944.0,,,,,,,,,,,,,,,,,,,,,,,,,
377,Manav Suthar,India,Unsold,Bowler,2000000,19944.0,,,,,,,,,,,,,,,,,,,,,,,,,
378,Milind Tandon,India,Unsold,Bowler,2000000,19944.0,,,,,,,,,,,,,,,,,,,,,,,,,
379,Sagar Udeshi,India,Unsold,Bowler,2000000,19944.0,,,,,,,,,,,,,,,,,,,,,,,,,
380,Kushaal Wadhwani,India,Unsold,Bowler,2000000,19944.0,,,,,,,,,,,,,,,,,,,,,,,,,
381,Akshay Wakhare,India,Unsold,Bowler,2000000,19944.0,,,,,,,,,,,,,,,,,,,,,,,,,
382,Qamran Iqbal,India,Unsold,Batsman,2000000,19944.0,,,,,,,,,,,,,,,,,,,,,,,,,
383,Ishank Jaggi,India,Unsold,Batsman,2000000,19944.0,,,,,,,,,,,,,,,,,,,,,,,,,
384,Rohan Kunnummal,India,Unsold,Batsman,2000000,19944.0,,,,,,,,,,,,,,,,,,,,,,,,,
385,Tanmay Mishra,India,Unsold,Batsman,2000000,19944.0,,,,,,,,,,,,,,,,,,,,,,,,,
386,Yash Nahar,India,Unsold,Batsman,2000000,19944.0,,,,,,,,,,,,,,,,,,,,,,,,,
387,Shubham Singh Rohilla,India,Unsold,Batsman,2000000,19944.0,,,,,,,,,,,,,,,,,,,,,,,,,
388,Alex Ross,Australia,Unsold,Batsman,2000000,19944.0,,,,,,,,,,,,,,,,,,,,,,,,,
389,Naushad Shaikh,India,Unsold,Batsman,2000000,19944.0,,,,,,,,,,,,,,,,,,,,,,,,,
390,Baba Aparajith,India,Unsold,All-Rounder,2000000,19944.0,,,,,,,,,,,,,,,,,,,,,,,,,
391,Prayas Barman,India,Unsold,All-Rounder,2000000,19944.0,,,,,,,,,,,,,,,,,,,,,,,,,
392,Shubhang Hegde,India,Unsold,All-Rounder,2000000,19944.0,,,,,,,,,,,,,,,,,,,,,,,,,
393,Roosh Kalaria,India,Unsold,All-Rounder,2000000,19944.0,,,,,,,,,,,,,,,,,,,,,,,,,
394,Tanush Kotian,India,Unsold,All-Rounder,2000000,19944.0,,,,,,,,,,,,,,,,,,,,,,,,,
395,Kaushal Tambe,India,Unsold,All-Rounder,2000000,19944.0,,,,,,,,,,,,,,,,,,,,,,,,,
396,Shivank Vashisth,India,Unsold,All-Rounder,2000000,19944.0,,,,,,,,,,,,,,,,,,,,,,,,,
397,Rahul Chandrol,India,Unsold,Wicket-Keeper,2000000,19944.0,,,,,,,,,,,,,,,,,,,,,,,,,
398,Harvik Desai,India,Unsold,Wicket-Keeper,2000000,19944.0,,,,,,,,,,,,,,,,,,,,,,,,,
399,Cam Fletcher,New Zealand,Unsold,Wicket-Keeper,2000000,19944.0,,,,,,,,,,,,,,,,,,,,,,,,,
400,Tarang Gohel,India,Unsold,Wicket-Keeper,2000000,19944.0,,,,,,,,,,,,,,,,,,,,,,,,,
401,Fazil Makaya,India,Unsold,Wicket-Keeper,2000000,19944.0,,,,,,,,,,,,,,,,,,,,,,,,,
402,Ryan Rickelton,South Africa,Unsold,Wicket-Keeper,2000000,19944.0,,,,,,,,,,,,,,,,,,,,,,,,,
403,Sandeep Kumar Tomar,India,Unsold,Wicket-Keeper,2000000,19944.0,,,,,,,,,,,,,,,,,,,,,,,,,
404,Siddhesh Wath,India,Unsold,Wicket-Keeper,2000000,19944.0,,,,,,,,,,,,,,,,,,,,,,,,,
405,Stephen Cheepurupalli,India,Unsold,Bowler,2000000,19944.0,,,,,,,,,,,,,,,,,,,,,,,,,
406,Aniket Choudhary,India,Unsold,Bowler,2000000,19944.0,,,,,,,,,,,,,,,,,,,,,,,,,
407,Kartikeya Kak,India,Unsold,Bowler,2000000,19944.0,,,,,,,,,,,,,,,,,,,,,,,,,
408,Ronit More,India,Unsold,Bowler,2000000,19944.0,,,,,,,,,,,,,,,,,,,,,,,,,
409,M Nidheesh,India,Unsold,Bowler,2000000,19944.0,,,,,,,,,,,,,,,,,,,,,,,,,
410,Babasafi Pathan,India,Unsold,Bowler,2000000,19944.0,,,,,,,,,,,,,,,,,,,,,,,,,
411,Vidyadhar Patil,India,Unsold,Bowler,2000000,19944.0,,,,,,,,,,,,,,,,,,,,,,,,,
412,Mukesh Kumar Singh,India,Unsold,Bowler,2000000,19944.0,,,,,,,,,,,,,,,,,,,,,,,,,
413,R. Alexandar,India,Unsold,Bowler,2000000,19944.0,,,,,,,,,,,,,,,,,,,,,,,,,
414,Adithya Ashok,New Zealand,Unsold,Bowler,2000000,19944.0,,,,,,,,,,,,,,,,,,,,,,,,,
415,Jasmer Dhankhar,India,Unsold,Bowler,2000000,19944.0,,,,,,,,,,,,,,,,,,,,,,,,,
416,Prerit Dutta,India,Unsold,Bowler,2000000,19944.0,,,,,,,,,,,,,,,,,,,,,,,,,
417,Jon Russ Jaggesar,West Indies,Unsold,Bowler,2000000,19944.0,,,,,,,,,,,,,,,,,,,,,,,,,
418,S. Kishan Kumar,India,Unsold,Bowler,2000000,19944.0,,,,,,,,,,,,,,,,,,,,,,,,,
419,Kevin Koththigoda,Sri Lanka,Unsold,Bowler,2000000,19944.0,,,,,,,,,,,,,,,,,,,,,,,,,
420,Swaraj Wabale,India,Unsold,Bowler,2000000,19944.0,,,,,,,,,,,,,,,,,,,,,,,,,
421,Donavon Ferreira,South Africa,Unsold,Batsman,2000000,19944.0,,,,,,,,,,,,,,,,,,,,,,,,,
422,Bhupen Lalwani,India,Unsold,Batsman,2000000,19944.0,,,,,,,,,,,,,,,,,,,,,,,,,
423,Henan Malik,India,Unsold,Batsman,2000000,19944.0,,,,,,,,,,,,,,,,,,,,,,,,,
424,Pukhraj Mann,India,Unsold,Batsman,2000000,19944.0,,,,,,,,,,,,,,,,,,,,,,,,,
425,Shashwat Rawat,India,Unsold,Batsman,2000000,19944.0,,,,,,,,,,,,,,,,,,,,,,,,,
426,Jake Weatherald,Australia,Unsold,Batsman,2000000,19944.0,,,,,,,,,,,,,,,,,,,,,,,,,
427,Gerald Coetzee,South Africa,Unsold,All-Rounder,2000000,19944.0,,,,,,,,,,,,,,,,,,,,,,,,,
428,Akshay Karnewar,India,Unsold,All-Rounder,2000000,19944.0,,,,,,,,,,,,,,,,,,,,,,,,,
429,Sumit Kumar,India,Unsold,All-Rounder,2000000,19944.0,,,,,,,,,,,,,,,,,,,,,,,,,
430,Abid Mushtaq,India,Unsold,All-Rounder,2000000,19944.0,,,,,,,,,,,,,,,,,,,,,,,,,
431,Lone Muzaffar,India,Unsold,All-Rounder,2000000,19944.0,,,,,,,,,,,,,,,,,,,,,,,,,
432,Ninad Rathva,India,Unsold,All-Rounder,2000000,19944.0,,,,,,,,,,,,,,,,,,,,,,,,,
433,Shoun Roger,India,Unsold,All-Rounder,2000000,19944.0,,,,,,,,,,,,,,,,,,,,,,,,,
434,Jaideep Bhambhu,India,Unsold,Bowler,2000000,19944.0,,,,,,,,,,,,,,,,,,,,,,,,,
435,Nandre Burger,South Africa,Unsold,Bowler,2000000,19944.0,,,,,,,,,,,,,,,,,,,,,,,,,
436,V Koushik,India,Unsold,Bowler,2000000,19944.0,,,,,,,,,,,,,,,,,,,,,,,,,
437,Akash Madhwal,India,Unsold,Bowler,2000000,19944.0,,,,,,,,,,,,,,,,,,,,,,,,,
438,Anuj Raj,India,Unsold,Bowler,2000000,19944.0,,,,,,,,,,,,,,,,,,,,,,,,,
439,Abhijeet Saket,India,Unsold,Bowler,2000000,19944.0,,,,,,,,,,,,,,,,,,,,,,,,,
440,Rahul Shukla,India,Unsold,Bowler,2000000,19944.0,,,,,,,,,,,,,,,,,,,,,,,,,
441,Nuwan Thushara,Sri Lanka,Unsold,Bowler,2000000,19944.0,,,,,,,,,,,,,,,,,,,,,,,,,
442,Amit Ali,India,Unsold,All-Rounder,2000000,19944.0,,,,,,,,,,,,,,,,,,,,,,,,,
443,Chaitanya Bishnoi,India,Unsold,All-Rounder,2000000,19944.0,,,,,,,,,,,,,,,,,,,,,,,,,
444,Migael Pretorius,South Africa,Unsold,All-Rounder,2000000,19944.0,,,,,,,,,,,,,,,,,,,,,,,,,
445,Shivam Sharma,India,Unsold,All-Rounder,2000000,19944.0,,,,,,,,,,,,,,,,,,,,,,,,,
446,Pratyush Singh,India,Unsold,All-Rounder,2000000,19944.0,,,,,,,,,,,,,,,,,,,,,,,,,
447,Dhrushant Soni,India,Unsold,All-Rounder,2000000,19944.0,,,,,,,,,,,,,,,,,,,,,,,,,
448,M Venkatesh,India,Unsold,All-Rounder,2000000,19944.0,,,,,,,,,,,,,,,,,,,,,,,,,
449,Bandaru Ayyappa,India,Unsold,Bowler,2000000,19944.0,,,,,,,,,,,,,,,,,,,,,,,,,
450,Gurnoor Singh Brar,India,Unsold,Bowler,2000000,19944.0,,,,,,,,,,,,,,,,,,,,,,,,,
451,Akash Choudhary,India,Unsold,Bowler,2000000,19944.0,,,,,,,,,,,,,,,,,,,,,,,,,
452,Mohit Jangra,India,Unsold,Bowler,2000000,19944.0,,,,,,,,,,,,,,,,,,,,,,,,,
453,Aaqib Khan,India,Unsold,Bowler,2000000,19944.0,,,,,,,,,,,,,,,,,,,,,,,,,
454,Ruben Trumpelmann,Namibia,Unsold,Bowler,2000000,19944.0,,,,,,,,,,,,,,,,,,,,,,,,,
455,Auqib Dar,India,Unsold,All-Rounder,2000000,19944.0,,,,,,,,,,,,,,,,,,,,,,,,,
456,Chirag Gandhi,India,Unsold,All-Rounder,2000000,19944.0,,,,,,,,,,,,,,,,,,,,,,,,,
457,Sijomon Joseph,India,Unsold,All-Rounder,2000000,19944.0,,,,,,,,,,,,,,,,,,,,,,,,,
458,Anirudha Joshi,India,Unsold,All-Rounder,2000000,19944.0,,,,,,,,,,,,,,,,,,,,,,,,,
459,Shubham Sharma,India,Unsold,All-Rounder,2000000,19944.0,,,,,,,,,,,,,,,,,,,,,,,,,
460,Shubham Singh,India,Unsold,All-Rounder,2000000,19944.0,,,,,,,,,,,,,,,,,,,,,,,,,
461,Arpit Guleria,India,Unsold,Bowler,2000000,19944.0,,,,,,,,,,,,,,,,,,,,,,,,,
462,Vipul Krishna,India,Unsold,Bowler,2000000,19944.0,,,,,,,,,,,,,,,,,,,,,,,,,
463,Safvan Patel,India,Unsold,Bowler,2000000,19944.0,,,,,,,,,,,,,,,,,,,,,,,,,
464,Chinntla Readdi,India,Unsold,Bowler,2000000,19944.0,,,,,,,,,,,,,,,,,,,,,,,,,
465,Manish Reddy,India,Unsold,Bowler,2000000,19944.0,,,,,,,,,,,,,,,,,,,,,,,,,
466,Ravi Sharma,India,Unsold,Bowler,2000000,19944.0,,,,,,,,,,,,,,,,,,,,,,,,,
467,Corbin Bosch,South Africa,Unsold,All-Rounder,2000000,19944.0,,,,,,,,,,,,,,,,,,,,,,,,,
468,Nathan McAndrew,Australia,Unsold,All-Rounder,2000000,19944.0,,,,,,,,,,,,,,,,,,,,,,,,,
469,Diwesh Pathania,India,Unsold,All-Rounder,2000000,19944.0,,,,,,,,,,,,,,,,,,,,,,,,,
470,Shubham Ranjane,India,Unsold,All-Rounder,2000000,19944.0,,,,,,,,,,,,,,,,,,,,,,,,,
471,Tom Rogers,Australia,Unsold,All-Rounder,2000000,19944.0,,,,,,,,,,,,,,,,,,,,,,,,,
472,Johannes Smit,Namibia,Unsold,All-Rounder,2000000,19944.0,,,,,,,,,,,,,,,,,,,,,,,,,
473,Sagar Trivedi,India,Unsold,All-Rounder,2000000,19944.0,,,,,,,,,,,,,,,,,,,,,,,,,
474,Harsh Tyagi,India,Unsold,All-Rounder,2000000,19944.0,,,,,,,,,,,,,,,,,,,,,,,,,
475,R. Vivek,India,Unsold,All-Rounder,2000000,19944.0,,,,,,,,,,,,,,,,,,,,,,,,,
476,R.Sonu Yadav,India,Unsold,All-Rounder,2000000,19944.0,,,,,,,,,,,,,,,,,,,,,,,,,
477,V. Athisayaraj,India,Unsold,Bowler,2000000,19944.0,,,,,,,,,,,,,,,,,,,,,,,,,
478,Ottneil Baartman,South Africa,Unsold,Bowler,2000000,19944.0,,,,,,,,,,,,,,,,,,,,,,,,,
479,M.B. Darshan,India,Unsold,Bowler,2000000,19944.0,,,,,,,,,,,,,,,,,,,,,,,,,
480,V. Gowtham,India,Unsold,Bowler,2000000,19944.0,,,,,,,,,,,,,,,,,,,,,,,,,
481,Khwezi Gumede,South Africa,Unsold,Bowler,2000000,19944.0,,,,,,,,,,,,,,,,,,,,,,,,,
482,Liam Guthrie,Australia,Unsold,Bowler,2000000,19944.0,,,,,,,,,,,,,,,,,,,,,,,,,
483,Liam Hatcher,Australia,Unsold,Bowler,2000000,19944.0,,,,,,,,,,,,,,,,,,,,,,,,,
484,Jay Bista,India,Unsold,All-Rounder,2000000,19944.0,,,,,,,,,,,,,,,,,,,,,,,,,
485,Saurav Chuahan,India,Unsold,All-Rounder,2000000,19944.0,,,,,,,,,,,,,,,,,,,,,,,,,
486,Tajinder Dhillon,India,Unsold,All-Rounder,2000000,19944.0,,,,,,,,,,,,,,,,,,,,,,,,,
487,Dikshanshu Negi,India,Unsold,All-Rounder,2000000,19944.0,,,,,,,,,,,,,,,,,,,,,,,,,
488,Abhishek Raut,India,Unsold,All-Rounder,2000000,19944.0,,,,,,,,,,,,,,,,,,,,,,,,,
489,K.V. Sasikanth,India,Unsold,All-Rounder,2000000,19944.0,,,,,,,,,,,,,,,,,,,,,,,,,
490,Bharat Sharma,India,Unsold,All-Rounder,2000000,19944.0,,,,,,,,,,,,,,,,,,,,,,,,,
491,Amit Yadav,India,Unsold,All-Rounder,2000000,19944.0,,,,,,,,,,,,,,,,,,,,,,,,,
492,Arun Chaprana,India,Unsold,All-Rounder,2000000,19944.0,,,,,,,,,,,,,,,,,,,,,,,,,
493,Ajay Dev Goud,India,Unsold,All-Rounder,2000000,19944.0,,,,,,,,,,,,,,,,,,,,,,,,,
494,Divyang Hinganekar,India,Unsold,All-Rounder,2000000,19944.0,,,,,,,,,,,,,,,,,,,,,,,,,
495,Azim Kazi,India,Unsold,All-Rounder,2000000,19944.0,,,,,,,,,,,,,,,,,,,,,,,,,
496,Sujit Nayak,India,Unsold,All-Rounder,2000000,19944.0,,,,,,,,,,,,,,,,,,,,,,,,,
497,Parth Sahani,India,Unsold,All-Rounder,2000000,19944.0,,,,,,,,,,,,,,,,,,,,,,,,,
498,Ashutosh Sharma,India,Unsold,All-Rounder,2000000,19944.0,,,,,,,,,,,,,,,,,,,,,,,,,
499,Kumar Kartikeya Singh,India,Unsold,All-Rounder,2000000,19944.0,0.0,0.0,3.0,0.0,3.0,3.0,5.0,60.0,0.0,0.0,0.0,0.0,4.0,13.0,102.0,5.0,20.4,7.846153846153846,15.6,0.0,0.0,30.0,0.0,0.0,0.0
500,Ravi Chauhan,India,Unsold,All-Rounder,2000000,19944.0,,,,,,,,,,,,,,,,,,,,,,,,,
501,Shafiqullah Ghafari,Afghanistan,Unsold,All-Rounder,2000000,19944.0,,,,,,,,,,,,,,,,,,,,,,,,,
502,M. Mohammed,India,Unsold,All-Rounder,2000000,19944.0,,,,,,,,,,,,,,,,,,,,,,,,,
503,Pulkit Narang,India,Unsold,All-Rounder,2000000,19944.0,,,,,,,,,,,,,,,,,,,,,,,,,
504,Pradosh Paul,India,Unsold,All-Rounder,2000000,19944.0,,,,,,,,,,,,,,,,,,,,,,,,,
505,Pushpendra Singh Rathore,India,Unsold,All-Rounder,2000000,19944.0,,,,,,,,,,,,,,,,,,,,,,,,,
506,Jason Sangha,Australia,Unsold,All-Rounder,2000000,19944.0,,,,,,,,,,,,,,,,,,,,,,,,,
507,Purnank Tyagi,India,Unsold,All-Rounder,2000000,19944.0,,,,,,,,,,,,,,,,,,,,,,,,,
508,Dev Lakra,India,Unsold,All-Rounder,2000000,19944.0,,,,,,,,,,,,,,,,,,,,,,,,,
509,Lakhan Raja,India,Unsold,All-Rounder,2000000,19944.0,,,,,,,,,,,,,,,,,,,,,,,,,
510,Girinath Reddy,India,Unsold,All-Rounder,2000000,19944.0,,,,,,,,,,,,,,,,,,,,,,,,,
511,Siddhant Sharma,India,Unsold,All-Rounder,2000000,19944.0,,,,,,,,,,,,,,,,,,,,,,,,,
512,Matthew Short,Australia,Unsold,All-Rounder,2000000,19944.0,,,,,,,,,,,,,,,,,,,,,,,,,
513,Saurin Thakar,India,Unsold,All-Rounder,2000000,19944.0,,,,,,,,,,,,,,,,,,,,,,,,,
514,Nyeem Young,West Indies,Unsold,All-Rounder,2000000,19944.0,,,,,,,,,,,,,,,,,,,,,,,,,
515,Yuvraj Chaudhary,India,Unsold,All-Rounder,2000000,19944.0,,,,,,,,,,,,,,,,,,,,,,,,,
516,Khizar Dafedar,India,Unsold,All-Rounder,2000000,19944.0,,,,,,,,,,,,,,,,,,,,,,,,,
517,Sahil Dhiwan,India,Unsold,All-Rounder,2000000,19944.0,,,,,,,,,,,,,,,,,,,,,,,,,
518,Arjit Gupta,India,Unsold,All-Rounder,2000000,19944.0,,,,,,,,,,,,,,,,,,,,,,,,,
519,Mickil Jaiswal,India,Unsold,All-Rounder,2000000,19944.0,,,,,,,,,,,,,,,,,,,,,,,,,
520,Ryan John,West Indies,Unsold,All-Rounder,2000000,19944.0,,,,,,,,,,,,,,,,,,,,,,,,,
521,J. Kousik,India,Unsold,All-Rounder,2000000,19944.0,,,,,,,,,,,,,,,,,,,,,,,,,
522,Jitender Pal,India,Unsold,All-Rounder,2000000,19944.0,,,,,,,,,,,,,,,,,,,,,,,,,
523,Jonty Sidhu,India,Unsold,All-Rounder,2000000,19944.0,,,,,,,,,,,,,,,,,,,,,,,,,
524,Yashovardhan Singh,India,Unsold,All-Rounder,2000000,19944.0,,,,,,,,,,,,,,,,,,,,,,,,,
525,Beyers Swanepoel,South Africa,Unsold,All-Rounder,2000000,19944.0,,,,,,,,,,,,,,,,,,,,,,,,,
526,Pranshu Vijayran,India,Unsold,All-Rounder,2000000,19944.0,,,,,,,,,,,,,,,,,,,,,,,,,
527,Ishan Afridi,India,Unsold,All-Rounder,2000000,19944.0,,,,,,,,,,,,,,,,,,,,,,,,,
528,Mohammed Afridi,India,Unsold,All-Rounder,2000000,19944.0,,,,,,,,,,,,,,,,,,,,,,,,,
529,Prerit Agrawal,India,Unsold,All-Rounder,2000000,19944.0,,,,,,,,,,,,,,,,,,,,,,,,,
530,Aidan Cahill,Australia,Unsold,All-Rounder,2000000,19944.0,,,,,,,,,,,,,,,,,,,,,,,,,
531,Mark Deyal,West Indies,Unsold,All-Rounder,2000000,19944.0,,,,,,,,,,,,,,,,,,,,,,,,,
532,Nidhish Rajagopal,India,Unsold,All-Rounder,2000000,19944.0,,,,,,,,,,,,,,,,,,,,,,,,,
533,Bavanaka Sandeep,India,Unsold,All-Rounder,2000000,19944.0,,,,,,,,,,,,,,,,,,,,,,,,,
534,Safyaan Sharif,Scotland,Unsold,All-Rounder,2000000,19944.0,,,,,,,,,,,,,,,,,,,,,,,,,
535,Henry Shipley,New Zealand,Unsold,All-Rounder,2000000,19944.0,,,,,,,,,,,,,,,,,,,,,,,,,
536,Maxwell Swaminathan,India,Unsold,All-Rounder,2000000,19944.0,,,,,,,,,,,,,,,,,,,,,,,,,
537,Johan Van Dyk,South Africa,Unsold,All-Rounder,2000000,19944.0,,,,,,,,,,,,,,,,,,,,,,,,,
538,Dunith Wellalage,Sri Lanka,Unsold,All-Rounder,2000000,19944.0,,,,,,,,,,,,,,,,,,,,,,,,,
539,Agnivesh Ayachi,India,Unsold,All-Rounder,2000000,19944.0,,,,,,,,,,,,,,,,,,,,,,,,,
540,Aaron Hardie,Australia,Unsold,All-Rounder,2000000,19944.0,,,,,,,,,,,,,,,,,,,,,,,,,
541,Lance Morris,Australia,Unsold,Bowler,2000000,19944.0,,,,,,,,,,,,,,,,,,,,,,,,,
542,Nivethan Radhakrishnan,Australia,Unsold,All-Rounder,2000000,19944.0,,,,,,,,,,,,,,,,,,,,,,,,,
543,Rohan Rana,India,Unsold,All-Rounder,2000000,19944.0,,,,,,,,,,,,,,,,,,,,,,,,,
544,K Nitish Reddy,India,Unsold,Batsman,2000000,19944.0,,,,,,,,,,,,,,,,,,,,,,,,,
545,Hardik Tamore,India,Unsold,Wicket-Keeper,2000000,19944.0,,,,,,,,,,,,,,,,,,,,,,,,,
546,Mihir Hirwani,India,Unsold,Bowler,2000000,19944.0,,,,,,,,,,,,,,,,,,,,,,,,,
547,Sairaj Patil,India,Unsold,All-Rounder,2000000,19944.0,,,,,,,,,,,,,,,,,,,,,,,,,
548,Monu Singh,India,Unsold,Bowler,2000000,19944.0,,,,,,,,,,,,,,,,,,,,,,,,,
549,Ben Stokes,Overseas,Chennai Super Kings,All-Rounder,162500000,1620450.0,2.0,0.0,0.0,0.0,0.0,0.0,3.0,0.0,0.0,0.0,0.0,0.0,0.0,0.0,0.0,0.0,0.0,0.0,0.0,0.0,0.0,0.0,0.0,0.0,0.0
550,Kyle Jamieson,Overseas,Chennai Super Kings,Bowler,10000000,99720.0,14.0,3.0,65.0,16.0,0.0,9.285714285714286,55.0,118.18181818181819,0.0,0.0,5.0,3.0,9.0,28.0,269.0,9.0,29.88888888888889,9.607142857142858,18.666666666666668,0.0,0.0,70.0,2.0,0.0,0.0
551,Nishant Sindhu,India,Chennai Super Kings,All-Rounder,6000000,59832.0,,,,,,,,,,,,,,,,,,,,,,,,,
552,Bhagath Varma,India,Chennai Super Kings,All-Rounder,2000000,19944.0,,,,,,,,,,,,,,,,,,,,,,,,,
553,Shaik Rasheed,India,Chennai Super Kings,Batsman,2000000,19944.0,,,,,,,,,,,,,,,,,,,,,,,,,
554,Mukesh Kumar,India,Delhi Capitals,Bowler,55000000,548460.0,,,,,,,,,,,,,,,,,,,,,,,,,
555,Phil Salt,Overseas,Delhi Capitals,Wicket-Keeper,20000000,199440.0,,,,,,,,,,,,,,,,,,,,,,,,,
556,Joshua Little,Overseas,Gujarat Titans,Bowler,44000000,438768.0,,,,,,,,,,,,,,,,,,,,,,,,,
557,Kane Williamson,Overseas,Gujarat Titans,Batsman,20000000,199440.0,20.0,6.0,482.0,66.0,57.0,20.956521739130434,466.0,103.43347639484979,0.0,3.0,45.0,10.0,0.0,0.0,0.0,0.0,0.0,0.0,0.0,0.0,0.0,0.0,17.0,0.0,0.0
558,Suyash Sharma,India,Kolkata Knight Riders,Bowler,2000000,19944.0,,,,,,,,,,,,,,,,,,,,,,,,,
559,Swapnil Singh,India,Lucknow Super Giants,All-Rounder,2000000,19944.0,,,,,,,,,,,,,,,,,,,,,,,,,
560,Cameron Green,Overseas,Mumbai Indians,All-Rounder,175000000,1745100.0,,,,,,,,,,,,,,,,,,,,,,,,,
561,Jhye Richardson,Overseas,Mumbai Indians,Bowler,15000000,149580.0,4.0,0.0,15.0,15.0,0.0,7.5,24.0,62.5,0.0,0.0,2.0,0.0,3.0,11.0,117.0,3.0,39.0,10.636363636363637,22.0,0.0,0.0,0.0,0.0,0.0,0.0
562,Nehal Wadhera,India,Mumbai Indians,All-Rounder,2000000,19944.0,,,,,,,,,,,,,,,,,,,,,,,,,
563,Raghav Goyal,India,Mumbai Indians,Bowler,2000000,19944.0,,,,,,,,,,,,,,,,,,,,,,,,,
564,Sam Curran,Overseas,Punjab Kings,All-Rounder,185000000,1844820.0,8.0,1.0,56.0,34.0,0.0,14.0,29.0,193.10344827586206,0.0,0.0,5.0,3.0,9.0,33.0,328.0,9.0,36.44444444444444,9.93939393939394,22.0,0.0,0.0,76.0,1.0,0.0,0.0
565,Sikandar Raza,Overseas,Punjab Kings,All-Rounder,5000000,49860.0,,,,,,,,,,,,,,,,,,,,,,,,,
566,Shivam Singh,India,Punjab Kings,All-Rounder,2000000,19944.0,,,,,,,,,,,,,,,,,,,,,,,,,
567,Vidwath Kaverappa,India,Punjab Kings,Bowler,2000000,19944.0,,,,,,,,,,,,,,,,,,,,,,,,,
568,Mohit Rathee,India,Punjab Kings,All-Rounder,2000000,19944.0,,,,,,,,,,,,,,,,,,,,,,,,,
569,Joe Root,Overseas,Rajasthan Royals,Batsman,10000000,99720.0,,,,,,,,,,,,,,,,,,,,,,,,,
570,Donovan Ferreira,Overseas,Rajasthan Royals,Wicket-Keeper,5000000,49860.0,,,,,,,,,,,,,,,,,,,,,,,,,
571,Abdul P A,India,Rajasthan Royals,All-Rounder,2000000,19944.0,,,,,,,,,,,,,,,,,,,,,,,,,
572,Akash Vashisht,India,Rajasthan Royals,All-Rounder,2000000,19944.0,,,,,,,,,,,,,,,,,,,,,,,,,
573,Kunal Rathore,India,Rajasthan Royals,Wicket-Keeper,2000000,19944.0,,,,,,,,,,,,,,,,,,,,,,,,,
574,Will Jacks,Overseas,Royal Challengers Bangalore,Batsman,32000000,319104.0,,,,,,,,,,,,,,,,,,,,,,,,,
575,Rajan Kumar,India,Royal Challengers Bangalore,Bowler,7000000,69804.0,,,,,,,,,,,,,,,,,,,,,,,,,
576,Avinash Singh,India,Royal Challengers Bangalore,Bowler,6000000,59832.0,,,,,,,,,,,,,,,,,,,,,,,,,
577,Sonu Yadav,India,Royal Challengers Bangalore,All-Rounder,2000000,19944.0,,,,,,,,,,,,,,,,,,,,,,,,,
578,Himanshu Sharma,India,Royal Challengers Bangalore,Bowler,2000000,19944.0,,,,,,,,,,,,,,,,,,,,,,,,,
579,Harry Brook,Overseas,Sunrisers Hyderabad,Batsman,132500000,1321290.0,,,,,,,,,,,,,,,,,,,,,,,,,
580,Mayank Agarwal,India,Sunrisers Hyderabad,Batsman,82500000,822690.0,24.0,1.0,637.0,99.0,52.0,26.541666666666668,474.0,134.38818565400845,0.0,5.0,65.0,24.0,0.0,0.0,0.0,0.0,0.0,0.0,0.0,0.0,0.0,0.0,15.0,1.5,0.0
581,Nitish Kumar Reddy,India,Sunrisers Hyderabad,Wicket-Keeper,2000000,19944.0,,,,,,,,,,,,,,,,,,,,,,,,,
582,Tom Banton,Overseas,Unsold,Wicket-Keeper,20000000,199440.0,,,,,,,,,,,,,,,,,,,,,,,,,
583,Travis Head,Overseas,Unsold,Batsman,20000000,199440.0,,,,,,,,,,,,,,,,,,,,,,,,,
584,Jimmy Neesham,Overseas,Unsold,All-Rounder,20000000,199440.0,4.0,0.0,0.0,0.0,0.0,0.0,2.0,0.0,0.0,0.0,0.0,0.0,3.0,9.0,66.0,5.0,13.2,7.333333333333333,10.8,0.0,0.0,0.0,0.0,0.0,0.0
585,Jamie Overton,Overseas,Unsold,All-Rounder,20000000,199440.0,,,,,,,,,,,,,,,,,,,,,,,,,
586,Mujeeb Rahman,Overseas,Unsold,Bowler,10000000,99720.0,,,,,,,,,,,,,,,,,,,,,,,,,
587,Tom Latham,Overseas,Unsold,Wicket-Keeper,10000000,99720.0,,,,,,,,,,,,,,,,,,,,,,,,,
588,Michael Bracewell,Overseas,Unsold,All-Rounder,10000000,99720.0,,,,,,,,,,,,,,,,,,,,,,,,,
589,Luke Wood,Overseas,Unsold,Bowler,10000000,99720.0,,,,,,,,,,,,,,,,,,,,,,,,,
590,Matt Henry,Overseas,Unsold,Bowler,10000000,99720.0,,,,,,,,,,,,,,,,,,,,,,,,,
591,Rahkeem Cornwall,Overseas,Unsold,All-Rounder,10000000,99720.0,,,,,,,,,,,,,,,,,,,,,,,,,
592,Tom Curran,Overseas,Unsold,All-Rounder,7500000,74790.0,4.0,1.0,21.0,21.0,0.0,10.5,17.0,123.52941176470588,0.0,0.0,2.0,0.0,3.0,11.0,104.0,4.0,26.0,9.454545454545455,16.5,0.0,0.0,0.0,0.0,0.0,0.0
593,Darcy Short,Overseas,Unsold,All-Rounder,7500000,74790.0,,,,,,,,,,,,,,,,,,,,,,,,,
594,David Payne,Overseas,Unsold,Bowler,7500000,74790.0,,,,,,,,,,,,,,,,,,,,,,,,,
595,Johnson Charles,Overseas,Unsold,Wicket-Keeper,5000000,49860.0,,,,,,,,,,,,,,,,,,,,,,,,,
596,Lorcan Tucker,Overseas,Unsold,Wicket-Keeper,5000000,49860.0,,,,,,,,,,,,,,,,,,,,,,,,,
597,Reeza Hendricks,Overseas,Unsold,Batsman,5000000,49860.0,,,,,,,,,,,,,,,,,,,,,,,,,
598,Christiaan Jonker,Overseas,Unsold,Batsman,5000000,49860.0,,,,,,,,,,,,,,,,,,,,,,,,,
599,Harry Tector,Overseas,Unsold,Batsman,5000000,49860.0,,,,,,,,,,,,,,,,,,,,,,,,,
600,Richard Gleeson,Overseas,Unsold,Bowler,5000000,49860.0,,,,,,,,,,,,,,,,,,,,,,,,,
601,Dilshan Madushanka,Overseas,Unsold,Bowler,5000000,49860.0,,,,,,,,,,,,,,,,,,,,,,,,,
602,Afif Hossain,Overseas,Unsold,All-Rounder,5000000,49860.0,,,,,,,,,,,,,,,,,,,,,,,,,
603,Dhananjaya Silva,Overseas,Unsold,All-Rounder,5000000,49860.0,,,,,,,,,,,,,,,,,,,,,,,,,
604,Sheldon Cottrel,Overseas,Unsold,Bowler,5000000,49860.0,,,,,,,,,,,,,,,,,,,,,,,,,
605,Glenton Stuurman,Overseas,Unsold,Bowler,5000000,49860.0,,,,,,,,,,,,,,,,,,,,,,,,,
606,Rehan Ahmed,Overseas,Unsold,All-Rounder,5000000,49860.0,,,,,,,,,,,,,,,,,,,,,,,,,
607,Will Smeed,Overseas,Unsold,Batsman,4000000,39888.0,,,,,,,,,,,,,,,,,,,,,,,,,
608,Jordan Thompson,Overseas,Unsold,All-Rounder,4000000,39888.0,,,,,,,,,,,,,,,,,,,,,,,,,
609,Thomas Helm,Overseas,Unsold,Bowler,4000000,39888.0,,,,,,,,,,,,,,,,,,,,,,,,,
610,James Fuller,Overseas,Unsold,All-Rounder,4000000,39888.0,,,,,,,,,,,,,,,,,,,,,,,,,
611,Shubham Khajuria,India,Unsold,Batsman,2000000,19944.0,,,,,,,,,,,,,,,,,,,,,,,,,
612,Chethan L.R.,India,Unsold,Batsman,2000000,19944.0,,,,,,,,,,,,,,,,,,,,,,,,,
613,Dinesh Bana,India,Unsold,Wicket-Keeper,2000000,19944.0,,,,,,,,,,,,,,,,,,,,,,,,,
614,S Midhun,India,Unsold,Bowler,2000000,19944.0,,,,,,,,,,,,,,,,,,,,,,,,,
615,Akshat Raghuwanshi,India,Unsold,Batsman,2000000,19944.0,,,,,,,,,,,,,,,,,,,,,,,,,
616,Evan Jones,Overseas,Unsold,All-Rounder,2000000,19944.0,,,,,,,,,,,,,,,,,,,,,,,,,
617,Suryansh Shedge,India,Unsold,All-Rounder,2000000,19944.0,,,,,,,,,,,,,,,,,,,,,,,,,
618,Kirant Shinde,India,Unsold,Wicket-Keeper,2000000,19944.0,,,,,,,,,,,,,,,,,,,,,,,,,
619,Ravi Kumar,India,Unsold,Bowler,2000000,19944.0,,,,,,,,,,,,,,,,,,,,,,,,,
620,Paul Van Meekeren,Overseas,Unsold,Bowler,2000000,19944.0,,,,,,,,,,,,,,,,,,,,,,,,,
621,S.Ajith Ram,India,Unsold,Bowler,2000000,19944.0,,,,,,,,,,,,,,,,,,,,,,,,,
622,Peter Hatzoglou,Overseas,Unsold,Bowler,2000000,19944.0,,,,,,,,,,,,,,,,,,,,,,,,,
623,Karthik Meiyappan,Overseas,Unsold,Bowler,2000000,19944.0,,,,,,,,,,,,,,,,,,,,,,,,,
624,Priyansh Arya,India,Unsold,Batsman,2000000,19944.0,,,,,,,,,,,,,,,,,,,,,,,,,
625,Matthew Breetzke,Overseas,Unsold,Batsman,2000000,19944.0,,,,,,,,,,,,,,,,,,,,,,,,,
626,Sudip Gharami,India,Unsold,Batsman,2000000,19944.0,,,,,,,,,,,,,,,,,,,,,,,,,
627,C. Hari Nishaanth,India,Unsold,Batsman,2000000,19944.0,,,,,,,,,,,,,,,,,,,,,,,,,
628,Bhanu Pania,India,Unsold,Batsman,2000000,19944.0,,,,,,,,,,,,,,,,,,,,,,,,,
629,Ekant Sen,India,Unsold,Batsman,2000000,19944.0,,,,,,,,,,,,,,,,,,,,,,,,,
630,Himanshu Bisht,India,Unsold,All-Rounder,2000000,19944.0,,,,,,,,,,,,,,,,,,,,,,,,,
631,G.Aniketh Reddy,India,Unsold,All-Rounder,2000000,19944.0,,,,,,,,,,,,,,,,,,,,,,,,,
632,Tanay Thyagarajann,India,Unsold,All-Rounder,2000000,19944.0,,,,,,,,,,,,,,,,,,,,,,,,,
633,Sumeet Verma,India,Unsold,All-Rounder,2000000,19944.0,,,,,,,,,,,,,,,,,,,,,,,,,
634,Ajitesh Guruswamy,India,Unsold,Wicket-Keeper,2000000,19944.0,,,,,,,,,,,,,,,,,,,,,,,,,
635,Yash Kothari,India,Unsold,Wicket-Keeper,2000000,19944.0,,,,,,,,,,,,,,,,,,,,,,,,,
636,Suresh Kumar,India,Unsold,Wicket-Keeper,2000000,19944.0,,,,,,,,,,,,,,,,,,,,,,,,,
637,Kumar Kushagra,India,Unsold,Wicket-Keeper,2000000,19944.0,,,,,,,,,,,,,,,,,,,,,,,,,
638,Anmol Malhotra,India,Unsold,Wicket-Keeper,2000000,19944.0,,,,,,,,,,,,,,,,,,,,,,,,,
639,Robin Minz,India,Unsold,Wicket-Keeper,2000000,19944.0,,,,,,,,,,,,,,,,,,,,,,,,,
640,Agniv Pan,India,Unsold,Wicket-Keeper,2000000,19944.0,,,,,,,,,,,,,,,,,,,,,,,,,
641,Priyesh Patel,India,Unsold,Wicket-Keeper,2000000,19944.0,,,,,,,,,,,,,,,,,,,,,,,,,
642,Mitesh Patel,India,Unsold,Wicket-Keeper,2000000,19944.0,,,,,,,,,,,,,,,,,,,,,,,,,
643,Abishek Porel,India,Unsold,Wicket-Keeper,2000000,19944.0,,,,,,,,,,,,,,,,,,,,,,,,,
644,Vivek Singh,India,Unsold,Wicket-Keeper,2000000,19944.0,,,,,,,,,,,,,,,,,,,,,,,,,
645,Basit Bashir,India,Unsold,Bowler,2000000,19944.0,,,,,,,,,,,,,,,,,,,,,,,,,
646,Sakib Hussain,India,Unsold,Bowler,2000000,19944.0,,,,,,,,,,,,,,,,,,,,,,,,,
647,Waseem Khanday,India,Unsold,Bowler,2000000,19944.0,,,,,,,,,,,,,,,,,,,,,,,,,
648,Ravi Kiran Majeti,India,Unsold,Bowler,2000000,19944.0,,,,,,,,,,,,,,,,,,,,,,,,,
649,Prince Yadav,India,Unsold,Bowler,2000000,19944.0,,,,,,,,,,,,,,,,,,,,,,,,,
650,Mushtaq Beg,India,Unsold,Bowler,2000000,19944.0,,,,,,,,,,,,,,,,,,,,,,,,,
651,Rocky Bhasker,India,Unsold,Bowler,2000000,19944.0,,,,,,,,,,,,,,,,,,,,,,,,,
652,Sanjith Devaraj,India,Unsold,Bowler,2000000,19944.0,,,,,,,,,,,,,,,,,,,,,,,,,
653,Allah Mohammad,Overseas,Unsold,Bowler,2000000,19944.0,,,,,,,,,,,,,,,,,,,,,,,,,
654,Lalit Mohan,India,Unsold,Bowler,2000000,19944.0,,,,,,,,,,,,,,,,,,,,,,,,,
655,Bhuwan Rohilla,India,Unsold,Bowler,2000000,19944.0,,,,,,,,,,,,,,,,,,,,,,,,,
656,Aman Sharma,India,Unsold,Bowler,2000000,19944.0,,,,,,,,,,,,,,,,,,,,,,,,,
657,Anirudh Balachander,India,Unsold,Batsman,2000000,19944.0,,,,,,,,,,,,,,,,,,,,,,,,,
658,Gourav Choudhary,India,Unsold,Batsman,2000000,19944.0,,,,,,,,,,,,,,,,,,,,,,,,,
659,Kumar Deobrat,India,Unsold,Batsman,2000000,19944.0,,,,,,,,,,,,,,,,,,,,,,,,,
660,Arman Jaffer,India,Unsold,Batsman,2000000,19944.0,,,,,,,,,,,,,,,,,,,,,,,,,
661,Madhav Kaushik,India,Unsold,Batsman,2000000,19944.0,,,,,,,,,,,,,,,,,,,,,,,,,
662,Ayush Pandey,India,Unsold,Batsman,2000000,19944.0,,,,,,,,,,,,,,,,,,,,,,,,,
663,Rohan Patil,India,Unsold,Batsman,2000000,19944.0,,,,,,,,,,,,,,,,,,,,,,,,,
664,Sanjay Ramaswamy,India,Unsold,Batsman,2000000,19944.0,,,,,,,,,,,,,,,,,,,,,,,,,
665,Siddharth Yadav,India,Unsold,Batsman,2000000,19944.0,,,,,,,,,,,,,,,,,,,,,,,,,
666,Vaisakh Chandran,India,Unsold,All-Rounder,2000000,19944.0,,,,,,,,,,,,,,,,,,,,,,,,,
667,Harsh Dubey,India,Unsold,All-Rounder,2000000,19944.0,,,,,,,,,,,,,,,,,,,,,,,,,
668,B. Surya,India,Unsold,All-Rounder,2000000,19944.0,,,,,,,,,,,,,,,,,,,,,,,,,
669,Christopher Benjamin,Overseas,Unsold,Wicket-Keeper,2000000,19944.0,,,,,,,,,,,,,,,,,,,,,,,,,
670,Connor Esterhuizen,Overseas,Unsold,Wicket-Keeper,2000000,19944.0,,,,,,,,,,,,,,,,,,,,,,,,,
671,Mohd Arslan Khan,India,Unsold,Wicket-Keeper,2000000,19944.0,,,,,,,,,,,,,,,,,,,,,,,,,
672,Mamidi Krishna,India,Unsold,Wicket-Keeper,2000000,19944.0,,,,,,,,,,,,,,,,,,,,,,,,,
673,Deepak Punia,India,Unsold,Wicket-Keeper,2000000,19944.0,,,,,,,,,,,,,,,,,,,,,,,,,
674,Ateev Saini,India,Unsold,Wicket-Keeper,2000000,19944.0,,,,,,,,,,,,,,,,,,,,,,,,,
675,Bipin Saurabh,India,Unsold,Wicket-Keeper,2000000,19944.0,,,,,,,,,,,,,,,,,,,,,,,,,
676,Lakshay Thareja,India,Unsold,Wicket-Keeper,2000000,19944.0,,,,,,,,,,,,,,,,,,,,,,,,,
677,Shahrukh Dar,India,Unsold,Bowler,2000000,19944.0,,,,,,,,,,,,,,,,,,,,,,,,,
678,Venkatesh Muralidhara,India,Unsold,Bowler,2000000,19944.0,,,,,,,,,,,,,,,,,,,,,,,,,
679,Geet Puri,India,Unsold,Bowler,2000000,19944.0,,,,,,,,,,,,,,,,,,,,,,,,,
680,E. Sanketh,India,Unsold,Bowler,2000000,19944.0,,,,,,,,,,,,,,,,,,,,,,,,,
681,Ajay Sarkar,India,Unsold,Bowler,2000000,19944.0,,,,,,,,,,,,,,,,,,,,,,,,,
682,Kanwar Singh,India,Unsold,Bowler,2000000,19944.0,,,,,,,,,,,,,,,,,,,,,,,,,
683,Shivam Chaudhary,India,Unsold,All-Rounder,2000000,19944.0,,,,,,,,,,,,,,,,,,,,,,,,,
684,Ashwin Das,India,Unsold,All-Rounder,2000000,19944.0,,,,,,,,,,,,,,,,,,,,,,,,,
685,Chirag Jani,India,Unsold,All-Rounder,2000000,19944.0,,,,,,,,,,,,,,,,,,,,,,,,,
686,Bhagmender Lather,India,Unsold,All-Rounder,2000000,19944.0,,,,,,,,,,,,,,,,,,,,,,,,,
687,Rohit Rayudu,India,Unsold,All-Rounder,2000000,19944.0,,,,,,,,,,,,,,,,,,,,,,,,,
688,Tunish Sawkar,India,Unsold,All-Rounder,2000000,19944.0,,,,,,,,,,,,,,,,,,,,,,,,,
689,Mukhtar Hussain,India,Unsold,Bowler,2000000,19944.0,,,,,,,,,,,,,,,,,,,,,,,,,
690,Ashwani Kumar,India,Unsold,Bowler,2000000,19944.0,,,,,,,,,,,,,,,,,,,,,,,,,
691,Hemant Kumar,India,Unsold,Bowler,2000000,19944.0,,,,,,,,,,,,,,,,,,,,,,,,,
692,Rajesh Mohanty,India,Unsold,Bowler,2000000,19944.0,,,,,,,,,,,,,,,,,,,,,,,,,
693,Vikash Singh,India,Unsold,Bowler,2000000,19944.0,,,,,,,,,,,,,,,,,,,,,,,,,
694,Koushik Vasuki,India,Unsold,Bowler,2000000,19944.0,,,,,,,,,,,,,,,,,,,,,,,,,
695,Shubham Agrawal,India,Unsold,All-Rounder,2000000,19944.0,,,,,,,,,,,,,,,,,,,,,,,,,
696,Anshul Kamboj,India,Unsold,All-Rounder,2000000,19944.0,,,,,,,,,,,,,,,,,,,,,,,,,
697,Avneesh Sudha,India,Unsold,All-Rounder,2000000,19944.0,,,,,,,,,,,,,,,,,,,,,,,,,
698,Asad Jamil Ahmed,India,Unsold,Bowler,2000000,19944.0,,,,,,,,,,,,,,,,,,,,,,,,,
699,Aashish Bhatt,India,Unsold,Bowler,2000000,19944.0,,,,,,,,,,,,,,,,,,,,,,,,,
700,McKenny Clarke,Overseas,Unsold,Bowler,2000000,19944.0,,,,,,,,,,,,,,,,,,,,,,,,,
701,Shubham Kapse,India,Unsold,Bowler,2000000,19944.0,,,,,,,,,,,,,,,,,,,,,,,,,
702,Gourav Koul,India,Unsold,Bowler,2000000,19944.0,,,,,,,,,,,,,,,,,,,,,,,,,
703,Raunak Kumar,India,Unsold,Bowler,2000000,19944.0,,,,,,,,,,,,,,,,,,,,,,,,,
704,Trilok Nag,India,Unsold,Bowler,2000000,19944.0,,,,,,,,,,,,,,,,,,,,,,,,,
705,Atal Bihari Rai,India,Unsold,Bowler,2000000,19944.0,,,,,,,,,,,,,,,,,,,,,,,,,
706,Ramon Simmonds,Overseas,Unsold,Bowler,2000000,19944.0,,,,,,,,,,,,,,,,,,,,,,,,,
707,Rajeev Singh,India,Unsold,Bowler,2000000,19944.0,,,,,,,,,,,,,,,,,,,,,,,,,
708,Mohd. Wasim,India,Unsold,Bowler,2000000,19944.0,,,,,,,,,,,,,,,,,,,,,,,,,
709,Naman Dhir,India,Unsold,All-Rounder,2000000,19944.0,,,,,,,,,,,,,,,,,,,,,,,,,
710,Sampark Gupta,India,Unsold,All-Rounder,2000000,19944.0,,,,,,,,,,,,,,,,,,,,,,,,,
711,Jordan Hermann,Overseas,Unsold,All-Rounder,2000000,19944.0,,,,,,,,,,,,,,,,,,,,,,,,,
712,Salman Khan,India,Unsold,All-Rounder,2000000,19944.0,,,,,,,,,,,,,,,,,,,,,,,,,
713,Divyaansh Saxena,India,Unsold,All-Rounder,2000000,19944.0,,,,,,,,,,,,,,,,,,,,,,,,,
714,Deepraj Gaonkar,India,Unsold,All-Rounder,2000000,19944.0,,,,,,,,,,,,,,,,,,,,,,,,,
715,Deepesh Nailwal,India,Unsold,All-Rounder,2000000,19944.0,,,,,,,,,,,,,,,,,,,,,,,,,
716,Arjun Rapria,India,Unsold,All-Rounder,2000000,19944.0,,,,,,,,,,,,,,,,,,,,,,,,,
717,Sumit Ruikar,India,Unsold,All-Rounder,2000000,19944.0,,,,,,,,,,,,,,,,,,,,,,,,,
718,Rajandeep Singh,India,Unsold,All-Rounder,2000000,19944.0,,,,,,,,,,,,,,,,,,,,,,,,,
719,Digvesh Singh,India,Unsold,All-Rounder,2000000,19944.0,,,,,,,,,,,,,,,,,,,,,,,,,
720,Ramakrishna Ghosh,India,Unsold,All-Rounder,2000000,19944.0,,,,,,,,,,,,,,,,,,,,,,,,,
721,Shamshuzama Kazi,India,Unsold,All-Rounder,2000000,19944.0,,,,,,,,,,,,,,,,,,,,,,,,,
722,Ayaz Khan,India,Unsold,All-Rounder,2000000,19944.0,,,,,,,,,,,,,,,,,,,,,,,,,
723,Amit Pachhara,India,Unsold,All-Rounder,2000000,19944.0,,,,,,,,,,,,,,,,,,,,,,,,,
724,Akul Pandove,India,Unsold,All-Rounder,2000000,19944.0,,,,,,,,,,,,,,,,,,,,,,,,,
725,Garv Sangwan,India,Unsold,All-Rounder,2000000,19944.0,,,,,,,,,,,,,,,,,,,,,,,,,
726,Rishabh Chauhan,India,Unsold,All-Rounder,2000000,19944.0,,,,,,,,,,,,,,,,,,,,,,,,,
727,Matthew Forde,Overseas,Unsold,All-Rounder,2000000,19944.0,,,,,,,,,,,,,,,,,,,,,,,,,
728,Sammar Gajjar,India,Unsold,All-Rounder,2000000,19944.0,,,,,,,,,,,,,,,,,,,,,,,,,
729,Rajneesh Gurbani,India,Unsold,All-Rounder,2000000,19944.0,,,,,,,,,,,,,,,,,,,,,,,,,
730,Divyansh Joshi,India,Unsold,All-Rounder,2000000,19944.0,,,,,,,,,,,,,,,,,,,,,,,,,
731,Jack Prestwidge,Overseas,Unsold,All-Rounder,2000000,19944.0,,,,,,,,,,,,,,,,,,,,,,,,,
732,Aditya Sarvate,India,Unsold,All-Rounder,2000000,19944.0,,,,,,,,,,,,,,,,,,,,,,,,,
733,Sagar Solanki,India,Unsold,All-Rounder,2000000,19944.0,,,,,,,,,,,,,,,,,,,,,,,,,
734,Prenelan Subrayen,Overseas,Unsold,All-Rounder,2000000,19944.0,,,,,,,,,,,,,,,,,,,,,,,,,
735,Ajinkya Rahane,India,Chennai Super Kings,Batsman,5000000,49860.0,2.0,0.0,141.0,8.0,44.0,17.625,136.0,103.67647058823529,0.0,0.0,15.0,4.0,0.0,0.0,0.0,0.0,0.0,0.0,0.0,0.0,0.0,0.0,3.0,1.5,0.0
736,Ajay Mandal,India,Chennai Super Kings,All-Rounder,2000000,19944.0,,,,,,,,,,,,,,,,,,,,,,,,,
737,Rilee Rossouw,Overseas,Delhi Capitals,Batsman,46000000,458712.0,,,,,,,,,,,,,,,,,,,,,,,,,
738,Manish Pandey,India,Delhi Capitals,Batsman,24000000,239328.0,16.0,2.0,380.0,69.0,38.0,27.142857142857142,316.0,120.25316455696202,0.0,3.0,30.0,12.0,0.0,0.0,0.0,0.0,0.0,0.0,0.0,0.0,0.0,0.0,8.0,0.0,0.0
739,Ishant Sharma,India,Delhi Capitals,Bowler,5000000,49860.0,0.0,0.0,0.0,0.0,0.0,0.0,0.0,0.0,0.0,0.0,0.0,0.0,3.0,12.0,97.0,1.0,97.0,8.083333333333334,72.0,0.0,0.0,0.0,0.0,0.0,0.0
740,Shivam Mavi,India,Gujarat Titans,Bowler,60000000,598320.0,4.0,1.0,28.0,20.0,2.0,5.6,27.0,103.70370370370371,0.0,0.0,2.0,2.0,15.0,54.0,460.0,16.0,28.75,8.518518518518519,20.25,1.0,0.0,140.0,9.0,0.0,0.0
741,K.S. Bharat,India,Gujarat Titans,Wicket-Keeper,12000000,119664.0,,,,,,,,,,,,,,,,,,,,,,,,,
742,Mohit Sharma,India,Gujarat Titans,Bowler,5000000,49860.0,,,,,,,,,,,,,,,,,,,,,,,,,
743,Odean Smith,Overseas,Gujarat Titans,All-Rounder,5000000,49860.0,0.0,3.0,51.0,0.0,25.0,8.5,44.0,115.9090909090909,0.0,0.0,1.0,5.0,6.0,15.0,178.0,6.0,29.666666666666668,11.866666666666667,15.0,1.0,0.0,36.0,2.0,1.5,0.0
744,Urvil Patel,India,Gujarat Titans,Wicket-Keeper,2000000,19944.0,,,,,,,,,,,,,,,,,,,,,,,,,
745,Shakib Al Hasan,Overseas,Kolkata Knight Riders,All-Rounder,15000000,149580.0,12.0,1.0,47.0,26.0,0.0,7.833333333333333,48.0,97.91666666666667,0.0,0.0,3.0,1.0,8.0,26.0,187.0,4.0,46.75,7.1923076923076925,39.0,0.0,0.0,50.0,3.0,0.0,0.0
746,David Wiese,Overseas,Kolkata Knight Riders,All-Rounder,10000000,99720.0,,,,,,,,,,,,,,,,,,,,,,,,,
747,N. Jagadeesan,India,Kolkata Knight Riders,Wicket-Keeper,9000000,89748.0,,,,,,,,,,,,,,,,,,,,,,,,,
748,Vaibhav Arora,India,Kolkata Knight Riders,Bowler,6000000,59832.0,0.0,2.0,5.0,0.0,2.0,1.25,13.0,38.46153846153846,0.0,0.0,0.0,0.0,5.0,17.5,164.0,3.0,54.666666666666664,9.371428571428572,35.0,0.0,0.0,39.0,1.0,0.0,0.0
749,Mandeep Singh,India,Kolkata Knight Riders,Batsman,5000000,49860.0,2.0,0.0,33.0,15.0,18.0,8.25,37.0,89.1891891891892,0.0,0.0,6.0,0.0,0.0,0.0,0.0,0.0,0.0,0.0,0.0,0.0,0.0,0.0,1.0,0.0,0.0
750,Litton Das,Overseas,Kolkata Knight Riders,Wicket-Keeper,5000000,49860.0,,,,,,,,,,,,,,,,,,,,,,,,,
751,Kulwant Khejroliya,India,Kolkata Knight Riders,Bowler,2000000,19944.0,,,,,,,,,,,,,,,,,,,,,,,,,
752,Nicholas Pooran,Overseas,Lucknow Super Giants,Wicket-Keeper,160000000,1595520.0,22.0,5.0,391.0,32.0,64.0,16.291666666666668,288.0,135.76388888888889,0.0,2.0,19.0,26.0,0.0,0.0,0.0,0.0,0.0,0.0,0.0,0.0,0.0,0.0,8.0,4.5,1.0
753,Daniel Sams,Overseas,Lucknow Super Giants,All-Rounder,7500000,74790.0,4.0,4.0,44.0,3.0,15.0,3.6666666666666665,42.0,104.76190476190476,0.0,0.0,1.0,3.0,13.0,48.0,409.0,14.0,29.214285714285715,8.520833333333334,20.571428571428573,1.0,0.0,107.0,7.0,0.0,0.0
754,Amit Mishra,India,Lucknow Super Giants,Bowler,5000000,49860.0,0.0,0.0,0.0,0.0,0.0,0.0,0.0,0.0,0.0,0.0,0.0,0.0,4.0,14.0,109.0,6.0,18.166666666666668,7.785714285714286,14.0,1.0,0.0,0.0,0.0,0.0,0.0
755,Romario Shepherd,Overseas,Lucknow Super Giants,All-Rounder,5000000,49860.0,0.0,1.0,58.0,0.0,26.0,19.333333333333332,41.0,141.46341463414635,0.0,0.0,2.0,5.0,3.0,9.0,98.0,3.0,32.666666666666664,10.88888888888889,18.0,0.0,0.0,23.0,0.0,1.5,0.0
756,Naveen Ul Haq,Overseas,Lucknow Super Giants,Bowler,5000000,49860.0,,,,,,,,,,,,,,,,,,,,,,,,,
757,Jaydev Unadkat,India,Lucknow Super Giants,Bowler,5000000,49860.0,6.0,3.0,100.0,24.0,19.0,12.5,66.0,151.5151515151515,0.0,0.0,7.0,5.0,11.0,42.0,358.0,10.0,35.8,8.523809523809524,25.2,0.0,0.0,88.0,2.0,0.0,0.0
758,Yash Thakur,India,Lucknow Super Giants,Bowler,4500000,44874.0,,,,,,,,,,,,,,,,,,,,,,,,,
759,Yudhvir Charak,India,Lucknow Super Giants,All-Rounder,2000000,19944.0,,,,,,,,,,,,,,,,,,,,,,,,,
760,Prerak Mankad,India,Lucknow Super Giants,All-Rounder,2000000,19944.0,0.0,1.0,4.0,0.0,4.0,4.0,1.0,400.0,0.0,0.0,1.0,0.0,0.0,0.0,0.0,0.0,0.0,0.0,0.0,0.0,0.0,0.0,1.0,0.0,0.0
761,Piyush Chawla,India,Mumbai Indians,Bowler,5000000,49860.0,2.0,0.0,0.0,0.0,0.0,0.0,2.0,0.0,0.0,0.0,0.0,0.0,1.0,4.0,38.0,1.0,38.0,9.5,24.0,0.0,0.0,0.0,0.0,0.0,0.0
762,Vishnu Vinod,India,Mumbai Indians,Wicket-Keeper,2000000,19944.0,,,,,,,,,,,,,,,,,,,,,,,,,
763,Duan Jansen,Overseas,Mumbai Indians,All-Rounder,2000000,19944.0,,,,,,,,,,,,,,,,,,,,,,,,,
764,Shams Mulani,India,Mumbai Indians,All-Rounder,2000000,19944.0,,,,,,,,,,,,,,,,,,,,,,,,,
765,Harpreet Bhatia,India,Punjab Kings,Batsman,4000000,39888.0,,,,,,,,,,,,,,,,,,,,,,,,,
766,Jason Holder,Overseas,Rajasthan Royals,All-Rounder,57500000,573390.0,14.0,3.0,143.0,47.0,16.0,9.533333333333333,116.0,123.27586206896552,0.0,0.0,4.0,12.0,20.0,73.3,638.0,30.0,21.266666666666666,8.703956343792633,14.659999999999998,1.0,0.0,152.0,6.0,4.5,0.0
767,Adam Zampa,Overseas,Rajasthan Royals,Bowler,15000000,149580.0,,,,,,,,,,,,,,,,,,,,,,,,,
768,K.M. Asif,India,Rajasthan Royals,Bowler,3000000,29916.0,,,,,,,,,,,,,,,,,,,,,,,,,
769,Murugan Ashwin,India,Rajasthan Royals,Bowler,2000000,19944.0,4.0,2.0,27.0,9.0,6.0,3.857142857142857,38.0,71.05263157894737,0.0,0.0,2.0,1.0,11.0,40.0,325.0,10.0,32.5,8.125,24.0,0.0,0.0,69.0,0.0,0.0,0.0
770,Reece Topley,Overseas,Royal Challengers Bangalore,Bowler,19000000,189468.0,,,,,,,,,,,,,,,,,,,,,,,,,
771,Manoj Bhandage,India,Royal Challengers Bangalore,All-Rounder,2000000,19944.0,,,,,,,,,,,,,,,,,,,,,,,,,
772,Heinrich Klaasen,Overseas,Sunrisers Hyderabad,Wicket-Keeper,52500000,523530.0,,,,,,,,,,,,,,,,,,,,,,,,,
773,Vivrant Sharma,India,Sunrisers Hyderabad,All-Rounder,26000000,259272.0,,,,,,,,,,,,,,,,,,,,,,,,,
774,Adil Rashid,Overseas,Sunrisers Hyderabad,Bowler,20000000,199440.0,,,,,,,,,,,,,,,,,,,,,,,,,
775,Mayank Dagar,India,Sunrisers Hyderabad,All-Rounder,18000000,179496.0,,,,,,,,,,,,,,,,,,,,,,,,,
776,Akeal Hosein,Overseas,Sunrisers Hyderabad,Bowler,10000000,99720.0,,,,,,,,,,,,,,,,,,,,,,,,,
777,Mayank Markande,India,Sunrisers Hyderabad,Bowler,5000000,49860.0,0.0,0.0,0.0,0.0,0.0,0.0,0.0,0.0,0.0,0.0,0.0,0.0,2.0,7.0,57.0,1.0,57.0,8.142857142857142,42.0,0.0,0.0,11.0,2.0,0.0,0.0
778,Upendra Singh Yadav,India,Sunrisers Hyderabad,Wicket-Keeper,2500000,24930.0,,,,,,,,,,,,,,,,,,,,,,,,,
779,Sanvir Singh,India,Sunrisers Hyderabad,All-Rounder,2000000,19944.0,,,,,,,,,,,,,,,,,,,,,,,,,
780,Anmolpreet Singh,India,Sunrisers Hyderabad,Batsman,2000000,19944.0,2.0,0.0,29.0,16.0,8.0,9.666666666666666,27.0,107.4074074074074,0.0,0.0,3.0,1.0,0.0,0.0,0.0,0.0,0.0,0.0,0.0,0.0,0.0,0.0,0.0,0.0,0.0
781,Samarth Vyas,India,Sunrisers Hyderabad,All-Rounder,2000000,19944.0,,,,,,,,,,,,,,,,,,,,,,,,,
